Text,Created At,Favorites,Retweets,Tweet Type,Hashtags
@Madonna God bless you and keep you and make His light to shine upon you and your family. Thank you for your support against all odds. I will be praying for you and if you ever need prayer let me know.,Tue Aug 11 16:54:42 +0000 2020,6,3,Tweet,0
"Revival Push - Saints join us in Houston TX to pray until something happens.
https://t.co/7I88roocHG",Tue Aug 11 06:30:54 +0000 2020,667,141,Tweet,0
We need to take back the land. Enjoy the song.https://t.co/NUOJUkEGUA,Mon Aug 10 05:03:47 +0000 2020,684,136,Tweet,0
"Sign this petition and share! We need a movement!
https://t.co/uqiErlUkTN",Sun Aug 09 21:57:47 +0000 2020,4188,2814,Tweet,0
https://t.co/TCOvJjuCQe,Sun Aug 09 18:38:55 +0000 2020,297,89,Tweet,0
https://t.co/o0Fkw46a9R. Join us live.,Sun Aug 09 16:40:48 +0000 2020,334,96,Tweet,0
"Join us to jump start the long awaited revival. I believe it’s time for God’s visitation. The tent is up! On Sunday at 11am. Venue: 25231 Roesner Lane, Katy TX 77494. https://t.co/naxfO362kc",Sat Aug 08 03:08:17 +0000 2020,6173,1477,Tweet,0
@DanielleBrant13 We are using their service and we have a lot of cost so you our company should not get paid. I’m hiring lawyers now to fight the board because of all I’m doing. Is it too much to charge $90 for a doctors visit? I’m just wondering how much sacrifice I should do?,Fri Aug 07 20:45:33 +0000 2020,250,25,Reply,0
"@mergarrou It cost $90 for consultation. They need EKG, covid test and breathing treatments. We send the test out. If they got their covid test and EKG done elsewhere they can just bring it. We don’t take insurance. They would have found a way to shut us down.",Fri Aug 07 19:00:37 +0000 2020,27,1,Reply,0
@HJBaskins Bare we us. We are swamped but we will get to you.,Fri Aug 07 18:55:29 +0000 2020,7,0,Reply,0
"People ask me all the time how they can get our treatment and prevention protocol. We have networked with doctors in all states accepted, that are not afraid to see patients. Keep you are your family safe. Need to see one of our doctors nation wide visit https://t.co/jTDgb5Et5p",Fri Aug 07 18:34:09 +0000 2020,9510,4952,Tweet,0
God has called me in this season to usher in His life giving presence and bring hope to a terrified world. God has had mercy on us. He will turn things around soon and the enemy will be defeated. Soon! May our hearts be filled with hope in Jesus name.,Fri Aug 07 06:46:40 +0000 2020,18047,4773,Tweet,0
God has called me in this season to ursher in His life giving presence and bring hope to a terrified world. God has had mercy on us. Hey will turn things around soon and the enemy will be defeated. Soon! May our hearts be filled with hope in Jesus name.,Fri Aug 07 04:58:48 +0000 2020,33528,8019,Tweet,0
"RT @JamesTodaroMD : Dangers of Tylenol vs Hydroxychloroquine prior to COVID-19.

Deaths attributed to HCQ since 1963: ~20 DEATHS WORLDWIDE

Deaths attributed to Tylenol EVERY YEAR: ~500 DEATHS in USA alone

Even in massive HCQ overdoses (e.g. up to 40g), most patients survive with medical attention. https://t.co/9SuGX259R1",Fri Aug 07 04:36:11 +0000 2020,0,0,Retweet,0
@JLOgottheGLOW Sniper lol,Thu Aug 06 03:50:43 +0000 2020,21,2,Reply,0
@Tobi_Maguire I’m not Nigerian. I went to med school in Nigeria. I am Cameroonian.,Thu Aug 06 03:09:04 +0000 2020,10,2,Reply,0
I profesy to America! Live! https://t.co/W44C7BSkHc. @realDonaldTrump @bennyjohnson @willsommer @PastorJohnHagee @JoyceMeyer @BishopJakes @Paula_White @RealRodParsley @sidrod @tylerperry,Thu Aug 06 03:05:11 +0000 2020,950,288,Tweet,0
https://t.co/bDUvuzGG0m,Thu Aug 06 02:55:44 +0000 2020,4459,1667,Tweet,0
"RT @LacyJohnsonMN : Ilhan Omar and the Squad’s radical proposals will destroy America as we know it. I’ve stepped forward to take them on, but now I’m facing daily attacks from Omar and her socialist allies. Please donate $100, $50 or $25 to help me fight back! https://t.co/pV4PHNzcNr https://t.co/tHgjH4sD8L",Thu Aug 06 02:50:52 +0000 2020,0,0,Retweet,0
@Tobi_Maguire I never said I was Nigerian. I went to medical school in Nigeria,Wed Jul 29 14:13:04 +0000 2020,399,29,Reply,0
@WinWithBiden @Jennife45962854 @JoeThe46 You think I could pray on Biden mind??,Wed Jul 29 13:30:03 +0000 2020,65,3,Reply,0
@keisha_meek Let them watch the message. They will be delivered,Wed Jul 29 13:25:34 +0000 2020,202,11,Reply,0
@willsommer Are you sure you want to interview me. It has to live. No edits. Let’s do it.,Wed Jul 29 13:22:13 +0000 2020,237,43,Reply,0
@Mr_Morale Whatever,Wed Jul 29 13:15:49 +0000 2020,30,2,Reply,0
"Yes America! some need deliverance from demon sperm. Here’s the message, enjoy. https://t.co/HdVwk1euJP. There is saying in my village in Cameroon. ‘Nyangha de sleep trouble come wake am’. #CNN #MSNBC let’s play.",Wed Jul 29 13:03:23 +0000 2020,4829,1210,Tweet,2
Fauci you are lying. You know it. Americans are dying and you are playing Russian roulette with their lives. #earlyHydroxychloroquinezincworks  #HCQzinc4prevention #weshallnotdiebutlive,Wed Jul 29 06:54:05 +0000 2020,25428,11345,Tweet,3
"Woah CNN, MSNBC etc are doing free commercials on our deliverance ministry. Fire Power is main stream. Thank you CNN and let me know when y’all need some of them demons cast out of you. I will gladly oblige. You will feel a lot better. Keep up the good work. #cnn #MSNBC",Wed Jul 29 02:41:45 +0000 2020,17580,4945,Tweet,2
@HoudiniBallet They took it fine. They should have a private hosting,Wed Jul 29 02:00:03 +0000 2020,29,2,Reply,0
@leroylereaux Call my office and we will help them. 281.530.1230.,Wed Jul 29 01:55:19 +0000 2020,578,86,Reply,0
@Lightyear4Buzz @leroylereaux Are you one of lizard people?,Wed Jul 29 01:54:09 +0000 2020,39,7,Reply,0
RT @stella_immanuel : @willsommer. Round one. https://t.co/VYr8lTdU99,Wed Jul 29 01:13:03 +0000 2020,0,0,Retweet,0
@willsommer. Round one. https://t.co/VYr8lTdU99,Wed Jul 29 01:09:48 +0000 2020,6574,1302,Tweet,0
@AlexThomas @willsommer Free of charge,Wed Jul 29 01:02:26 +0000 2020,28,0,Reply,0
@MichelleMerendi @willsommer I actually love the fight. Lol,Wed Jul 29 01:00:28 +0000 2020,1016,53,Reply,0
@GaryDoucer @willsommer I will wear a mask if I am not on HCQ. I do wear them too if it’s mandated.,Wed Jul 29 00:59:23 +0000 2020,263,17,Reply,0
Awesome job exposing these demons. Do you want to do a piece on witchcraft. And while we are at it I could cast some demons out of you. It will help you a great deal. @willsommer,Wed Jul 29 00:49:32 +0000 2020,12019,2647,Tweet,0
@willsommer Ofcourse you want to do another piece on witchcraft. I will give more insight into the demonic world and probably cast some demons out of you.,Wed Jul 29 00:43:49 +0000 2020,169,23,Reply,0
@tomcoates @JennaEllisEsq @realDonaldTrump Yep,Wed Jul 29 00:33:26 +0000 2020,17,2,Reply,0
The Daily Beast did a great job summarizing our deliverance ministry and exposing incubus and succubus. Thank you daily beast. If you need deliverance from these spirits. Contact us. https://t.co/IwxmsrjbSw,Wed Jul 29 00:12:27 +0000 2020,14023,4566,Tweet,0
https://t.co/tBn9iDPkCG Shout out to our most esteemed Katy Christain Magazine. Nice article.,Tue Jul 28 23:32:05 +0000 2020,3893,1680,Tweet,0
Mr President I’m in town and available. I will love to meet with you.,Tue Jul 28 03:54:07 +0000 2020,22246,7667,Reply,0
Hello Facebook put back my profile page and videos up or your computers with start crashing till you do. You are not bigger that God. I promise you. If my page is not back up face book will be down in Jesus name.,Tue Jul 28 03:23:00 +0000 2020,26795,8517,Tweet,0
@Chuckflo @DonaldJTrumpJr Yah yah yah you got me. I’m not a real doctor. I downloaded my MD certificate from the internet. SMH. I did not know they were AIs in Nigeria. Sorry dude I’m not a nigeria so I don’t school Sat.,Tue Jul 28 02:12:31 +0000 2020,96,16,Reply,0
@Chuckflo @DonaldJTrumpJr Peer review??? People are dying and you robots keep taking about peer review. Can show me the peer review study that allowed doctors to intubate and kill 80% of people esp black people. Do you have a blood thirsty desire to see Americans die??????? Stupid has no cure.,Tue Jul 28 02:09:10 +0000 2020,433,185,Reply,0
@jasonplotch @bennyjohnson Your chip is definitely malfunctioning. Who told you can’t trust God and science. What are you smoking?,Mon Jul 27 23:56:09 +0000 2020,345,60,Reply,0
I double dog dare y’all give me a urine sample. https://t.co/Xe0U09W9Pl,Mon Jul 27 23:53:45 +0000 2020,43638,23858,Tweet,0
"Had two patients having hiccups. So I went digging on hiccups as a symptom of Covid and Lo and behold a study with hiccups and Covid that is treated with HCQ. An NIH study. I did not know NIH knew HCQ works on Covi🤷🏽‍♀️

https://t.co/aiRsc2QL40",Mon Jul 27 00:15:57 +0000 2020,10190,5487,Tweet,0
@mamasaurusMeg HCQ prophylaxis is the answer,Sun Jul 26 19:58:18 +0000 2020,360,89,Reply,0
@Don_Gato007 @mauhome7 @ProcterMd @richardursomd @realDonaldTrump @dbongino @IngrahamAngle You sound robotic. Most doctors that sound like you are probably in exotic specialties like plastic and have never seen a Covid patient or stand before a woman who’s husband can’t breath. I think if you catch Covid I will love to randomize you to the placebo group.,Sun Jul 26 10:45:48 +0000 2020,68,18,Reply,0
@d_prissinotti @ProcterMd @richardursomd @realDonaldTrump @dbongino @IngrahamAngle Yep I’m praying you catch Covid and the use HCQ and that will make you a believer. After all experience is the best teacher.,Sun Jul 26 10:39:17 +0000 2020,120,16,Reply,0
@TheEthicalJerk @trikileaks @EvertD2 @MaagTorres @ProcterMd @richardursomd @realDonaldTrump @dbongino @IngrahamAngle Quit being lazy and go to your own research. There is plenty of information online.,Sun Jul 26 10:36:39 +0000 2020,52,9,Reply,0
@DaleWil39870290 @MaagTorres @EvertD2 @ProcterMd @richardursomd @realDonaldTrump @dbongino @IngrahamAngle This is why you treat forest gump. https://t.co/R8W9kC5WlK,Sun Jul 26 10:35:06 +0000 2020,11,4,Reply,0
"@maggiewalsh811 @ProcterMd @richardursomd @realDonaldTrump @dbongino @IngrahamAngle You don’t know what you don’t know &amp; I don’t have time to educate you. Cipro, zofran, Bactrim, and hundreds of other common drugs have the same QTc effect. How many have developed torsade from Bactrim. But how will you know when you can only vomit what’s programed in your chip.",Sun Jul 26 10:27:37 +0000 2020,81,7,Reply,0
@mcfunny @ProcterMd @richardursomd @realDonaldTrump @dbongino @IngrahamAngle Tell me who paid for that study and I’ll know whether to believe it. In a live and death situation you don’t do control. You should know that.,Sun Jul 26 10:21:09 +0000 2020,197,23,Reply,0
@StephenNotting8 @dirtypaulsc @ProcterMd @richardursomd @realDonaldTrump @dbongino @IngrahamAngle Quit being lazy and go do your own research. There is a lot of data out there that shows HCQ works. I’m not doing your work for you.,Sun Jul 26 10:14:17 +0000 2020,37,6,Reply,0
@Thinkenquick @ProcterMd @richardursomd @realDonaldTrump @dbongino @IngrahamAngle People are dying. I’m done being nice. What does your MD mean if you are too arrogant to learn a thing or two from others and you are letting people die. This is not a science war it’s a propaganda war and I’m ready to street fight you guys until you stop letting people die.,Sun Jul 26 10:11:36 +0000 2020,430,181,Reply,0
@Thinkenquick @ProcterMd @richardursomd @realDonaldTrump @dbongino @IngrahamAngle If you start with HCQ and zinc they will not be dying. If they are dying I will use rendesivir and dexa. Intubation is last resort &amp; my vent setting will be very low peep and high oxygen so I don’t blow out the lungs. I’m not against other treatment. I’m saying early HCQ works.,Sun Jul 26 10:07:26 +0000 2020,109,31,Reply,0
@AnzaiFanny @drsimonegold Tylenol is more dangerous and is over the counter.,Sun Jul 26 09:57:39 +0000 2020,745,179,Reply,0
@drsimonegold Fauci is probably on HCQ himself. He does not fear COVID,Sun Jul 26 05:18:05 +0000 2020,72,11,Reply,0
"Yes doctor. Safe, cheap and effective. https://t.co/uiTBcRTDjA",Sun Jul 26 05:17:04 +0000 2020,10387,5139,Tweet,0
@ikestoys And you should by hanged for murder,Sun Jul 26 05:15:48 +0000 2020,42,0,Reply,0
"@LarryDeLuca @POTUS @IngrahamAngle @GovMikeHuckabee @realDonaldTrump @VP @TuckerCarlson @JudgeJeanine Mhm who is paying you. Gilead, Bill gates . You sure sound like one of the bought doctors.",Sun Jul 26 05:09:21 +0000 2020,50,6,Reply,0
"@ardeophyte How about you catch COVID, take HCQ and get cured. Voila! The proof. After all experience is the best teacher to fools.",Sun Jul 26 05:06:27 +0000 2020,22,2,Reply,0
@Go_F_you None,Sun Jul 26 05:03:33 +0000 2020,11,0,Reply,0
@JeffHar62908412 No I play one on TV. SMH,Sun Jul 26 05:03:23 +0000 2020,10,0,Reply,0
@Thatextraspice Annnddddd. That will make dodo heads like you to believe??? How about I pray you catch COVID and use HCQ and that will be the paper you need. After all experience is the best teacher. Don’t you agree.,Sun Jul 26 05:02:57 +0000 2020,16,0,Reply,0
@DaWoDerPfeffer On a tweet? It’s not my miracle cure. It’s used world wide. Do your research.,Sun Jul 26 05:00:41 +0000 2020,10,1,Reply,0
@DaWoDerPfeffer https://t.co/6ychrURr8D,Sun Jul 26 04:59:30 +0000 2020,159,74,Reply,0
@Q37069 My oldest patient. 92 year old with diabetes and high blood pressure,Sun Jul 26 04:58:29 +0000 2020,44,13,Reply,0
@daddytr37890605 Go on my Facebook. You will find them. I can’t do that. Hippa.,Sun Jul 26 04:57:32 +0000 2020,13,1,Reply,0
@Justcur10073682 I run an urgent care so keep your primary care but come to me for your COVID treatment or prophylaxis.,Sun Jul 26 04:56:40 +0000 2020,177,57,Reply,0
@Tony90814 18 to 92.,Sun Jul 26 04:54:50 +0000 2020,22,1,Reply,0
@FarahFarahMD1 If you tell me what hospital you work in we can actually find out how many you have personally killed.,Sun Jul 26 04:53:40 +0000 2020,17,3,Reply,0
@FarahFarahMD1 So you are one of the robotic doctors that just hates the fact that people are not dying. That some of us have the courage to treat patients. Murderers.,Sun Jul 26 04:52:44 +0000 2020,16,3,Reply,0
"@bobkahlcfa @TheDrGinger @ProcterMd @richardursomd @realDonaldTrump @dbongino @IngrahamAngle And those that recover have waxing and waning symptoms for months. Our recover, period. And our diabetics, asthmatics and elderly etc are alive. They can’t. I will sue all the way to WHO for murder and crimes against humanity.",Sun Jul 26 04:49:00 +0000 2020,1237,370,Reply,0
@brendas13875886 @ProcterMd @richardursomd @realDonaldTrump @dbongino @IngrahamAngle Where are you located?,Sun Jul 26 04:46:02 +0000 2020,6,0,Reply,0
@HelloIamjustDee @CanIGetOffNow @ProcterMd @richardursomd @realDonaldTrump @dbongino @IngrahamAngle YEP,Sun Jul 26 04:44:51 +0000 2020,6,0,Reply,0
@MsCharlie @VikGrujic @ProcterMd @richardursomd @realDonaldTrump @dbongino @IngrahamAngle May God help Austalians. That is next level. To label a cheap effective drug as poison. I thought fauci was diabolic but I give Australians the gold medal.,Sun Jul 26 04:43:01 +0000 2020,108,14,Reply,0
@joydhughes @GallaherCaren @ProcterMd @richardursomd @realDonaldTrump @dbongino @IngrahamAngle And some are just blood thirsty vampires hiding under the guise of MD and science to enjoy killing people.,Sun Jul 26 04:39:18 +0000 2020,317,54,Reply,0
"@DoUrJob1 @drsanjaygupta @TuckerCarlson Maybe they should try bleaching that coconut between your ears. Drill a hole right on top, pour some bleach and shake so you can reason right.",Sun Jul 26 04:33:57 +0000 2020,58,5,Reply,0
@chefdare @drsanjaygupta @TuckerCarlson Peds and ER. Maybe I should just be an NP that way I can be a specialist in everthing.,Sun Jul 26 04:31:23 +0000 2020,11,2,Reply,0
@Entropy_is_god @drsanjaygupta @TuckerCarlson Ask rheumatologist they will tell you because they have lupus patients on it for twenty years.,Sun Jul 26 04:29:13 +0000 2020,38,9,Reply,0
@StephenNotting8 @ProcterMd @richardursomd @realDonaldTrump @dbongino @IngrahamAngle Anddddddd that will stop your blood thirsty AIs from letting people die?,Sun Jul 26 04:25:28 +0000 2020,28,0,Reply,0
"@MaagTorres @ProcterMd @richardursomd @realDonaldTrump @dbongino @IngrahamAngle Elderly, diabetics asthmatics, you name it. All alive with no waxing and waning symptoms that follow COVID recovery.",Sun Jul 26 04:22:35 +0000 2020,292,86,Reply,0
"@PaulSchmehl @AUSBATTERYGRAD1 @ProcterMd @richardursomd @realDonaldTrump @dbongino @IngrahamAngle Yes. Diabetics. Asthmatics, 70 to 90 yo olds, immune compromised, heart disease. Just name it. All alive with no waxing and waning symptoms like most who survive COVID. I have been contacted by a few professors and it will be published. For now my job is to keep pts alive.",Sun Jul 26 04:21:34 +0000 2020,19,7,Reply,0
@realitybased111 @ProcterMd @richardursomd @realDonaldTrump @dbongino @IngrahamAngle AI. Did your chip get stuck?,Sun Jul 26 04:16:39 +0000 2020,15,0,Reply,0
@CjOCorona1 @ProcterMd @richardursomd @realDonaldTrump @dbongino @IngrahamAngle I use that too.,Sun Jul 26 04:15:34 +0000 2020,38,1,Reply,0
@eGeert @fvdr @kvbest @ProcterMd @richardursomd @realDonaldTrump @dbongino @IngrahamAngle Your chip is malfunctioning. You sound like a broken record. That is what you AIs have been saying while we are treating patients you guys are enjoying them dying. Data data data data.,Sun Jul 26 04:14:08 +0000 2020,7,1,Reply,0
@AnnaNewport @ProcterMd @richardursomd @realDonaldTrump @dbongino @IngrahamAngle Yes that is why I don’t advise people to ride COVID,Sun Jul 26 04:09:19 +0000 2020,50,7,Reply,0
@atewithouttable @ProcterMd @richardursomd @realDonaldTrump @dbongino @IngrahamAngle Your chip is malfunctioning go get Reprogrammed,Sun Jul 26 04:08:15 +0000 2020,53,0,Reply,0
"@SMcMenemin @bobkahlcfa @TheDrGinger @ProcterMd @richardursomd @realDonaldTrump @dbongino @IngrahamAngle When 80 and 90 yo, diabetics, asthmatics, immune compromised, COPD all recover, it is remarkable.",Sun Jul 26 04:03:54 +0000 2020,12,2,Reply,0
@joannekcasey @ProcterMd @richardursomd @realDonaldTrump @dbongino @IngrahamAngle What is evidence based medicine. Is your programming malfunctioning. Did you hear 350+ alive.,Sun Jul 26 04:02:28 +0000 2020,144,10,Reply,0
@markfmccarty @jpkiekens @ProcterMd @richardursomd @realDonaldTrump @dbongino @IngrahamAngle He did. Thanks,Sun Jul 26 04:01:17 +0000 2020,16,0,Reply,0
"@CanIGetOffNow @ProcterMd @richardursomd @realDonaldTrump @dbongino @IngrahamAngle Peds, Adult ER, Urgent Care. But I guess I could just be an NP and be specialist in everthing right.",Sun Jul 26 04:00:23 +0000 2020,26,2,Reply,0
@Vontz_PGEArt @ProcterMd @richardursomd @realDonaldTrump @dbongino @IngrahamAngle Call my office. They will set you up or just walk in. 281.530.1230,Sun Jul 26 03:58:16 +0000 2020,328,49,Reply,0
@jennife80278138 @ProcterMd @richardursomd @realDonaldTrump @dbongino @IngrahamAngle Ya ya ya. I downloaded my MD from the internet. There you have it. You caught me. SMH.,Sun Jul 26 03:57:02 +0000 2020,160,10,Reply,0
"@MsCharlie @VikGrujic @ProcterMd @richardursomd @realDonaldTrump @dbongino @IngrahamAngle Let’s see, 350+ alive. No deaths, no intubations. That’s some serious good karma.",Sun Jul 26 03:55:42 +0000 2020,380,43,Reply,0
@joydhughes @GallaherCaren @ProcterMd @richardursomd @realDonaldTrump @dbongino @IngrahamAngle Andddd. You will believe and start treating patients instead of letting them die.,Sun Jul 26 03:54:12 +0000 2020,32,5,Reply,0
"@bermaj @ProcterMd @richardursomd @realDonaldTrump @dbongino @IngrahamAngle Me 350, all alive. You in Queens, 5000+ dead. Mhmmm who is the irresponsible one. If you tell me the ER you work in we can actually count how many you have personally killed. Like I always say stupid does not have a cure.",Sun Jul 26 03:53:15 +0000 2020,1509,380,Reply,0
"@maggiewalsh811 @ProcterMd @richardursomd @realDonaldTrump @dbongino @IngrahamAngle And what is scientific about letting millions die while we bash a cheap effective drug. This is not a science war, it’s a diabolic propaganda war. And you AIs have lost. Truth cannot hide anymore.",Sun Jul 26 03:50:22 +0000 2020,796,198,Reply,0
"@Thinkenquick @ProcterMd @richardursomd @realDonaldTrump @dbongino @IngrahamAngle My control group is all the patients that have died world wide. I don’t know why people bother to argue science with dodo heads like you. When you catch COVID inbox me, I’ll treat you and you will testify. Stupid has no cure.",Sun Jul 26 03:46:09 +0000 2020,188,70,Reply,0
"@Thinkenquick @ProcterMd @richardursomd @realDonaldTrump @dbongino @IngrahamAngle I don’t have to write up anything. People like your will never be convinced. I think the only thing that will convince you is if you catch COVID, and get treated with HCQ and then that will be the clinical trial you need. After all experience is the best teacher.",Sun Jul 26 03:43:58 +0000 2020,17,4,Reply,0
@mcfunny @ProcterMd @richardursomd @realDonaldTrump @dbongino @IngrahamAngle The control group???? All the people that died in New York and all over the world are in the control group.Just pick any.,Sun Jul 26 03:40:11 +0000 2020,24,3,Reply,0
This is why you don’t ride COVID. Get treated. #earlyHydroxychloroquinezincworks  #HCQzinc4prevention #weshallnotdiebutlive. @realDonaldTrump @TuckerCarlson @IngrahamAngle @tedcruz @GovAbbott @seanhannity.        https://t.co/WZLHee4t8f,Sat Jul 25 19:20:10 +0000 2020,3738,1814,Tweet,3
"@RoyPascal14 @AAPSonline I use that too. I give HCQ, zinc, zpack and budesonide. I don’t give that solo",Fri Jul 24 19:27:37 +0000 2020,15,4,Reply,0
@attornatus As a doctor I wound be worried about what it wil do to the liver. And as a pastor wine is a mocker so I can’t get behind that. Lol.,Fri Jul 24 19:10:12 +0000 2020,141,13,Reply,0
"The fear, the sickness, the deaths is so senseless and unnecessary. Covid19 has a cure. It’s time for politicians to let doctors be doctors and for doctors to stop being afraid. They can silence a few but not a multitude. Join us in the fight doctors! America needs you!",Fri Jul 24 18:41:23 +0000 2020,24154,13064,Tweet,0
RT @stella_immanuel : Do not chain doctors. HCQ works. Leave it between doctor and patient. Doctors speak up. U know it works. Be patient advocate. Give guidance but do not stop us. #hydroxychroloquineworks @POTUS @IngrahamAngle @GovMikeHuckabee @realDonaldTrump @VP @TuckerCarlson @JudgeJeanine,Wed Jul 22 02:32:24 +0000 2020,0,0,Retweet,1
Free and a must read. https://t.co/Uym3Sr3BX8,Tue Jul 21 04:51:59 +0000 2020,2585,870,Tweet,0
@StephenNotting8 @dirtypaulsc @IngrahamAngle @seanhannity And what will that do. Why has 100 plus articles of doctors successfully treating Covid not convinced you???? My time is precious I’m not going to waste it trying to convince you. Do you own research.,Mon Jul 20 06:53:44 +0000 2020,91,14,Reply,0
@_velocirandi @ferhtx Because I know you guys. Have you watched they live. You are one of them.,Mon Jul 20 03:03:39 +0000 2020,3,0,Reply,0
@_velocirandi @ferhtx Another AI in the house. Your chip is malfunctioning too?,Mon Jul 20 00:39:59 +0000 2020,2,1,Reply,0
@ferhtx From your mouth to Gods ears. May you catch Covid and let HCQ cure you and that will be the experience you need. After all experience is the best teacher. Of I fogot you are not even human. Let your chip malfunction.,Mon Jul 20 00:19:30 +0000 2020,4,0,Reply,0
"@ferhtx AI is in the house. Who programmed you. Do you have a morbid pleasure in people dying. I think your chip is malfunctioning. Angels of power go deal with him and expose him. Stupid has no cure. Oh I forgot you are a robot, genetically modified nephilim posing as human. SMH.",Mon Jul 20 00:15:46 +0000 2020,5,1,Reply,0
"Physicians failed America. We allowed corrupt bureaucrats, politicians &amp; a fake news media to dictate how we treat patients. We attacked each, &amp; cowered in fear. Many died when ther is a cheap safe and effective treatment for Covid19. Shame on us drs. @IngrahamAngle @seanhannity",Sun Jul 19 14:01:22 +0000 2020,7066,3417,Tweet,0
You got that right. Murderers they are. https://t.co/G1glPt1uYZ,Sun Jul 19 01:29:40 +0000 2020,2345,969,Tweet,0
"@Orerefresh @ProcterMd @richardursomd @realDonaldTrump @dbongino @IngrahamAngle Let them try, it will be on.",Sun Jul 19 01:28:48 +0000 2020,2,0,Reply,0
"@drsanjaygupta You are a neurosurgeon, not a primary care doctor, an ER doctor or a hospitalist. Tell me how many Covid patients you have treated with HCQ and they died from heart complications before you spew fake science on TV to scare America. I’m waiting! @TuckerCarlson",Sun Jul 19 01:23:14 +0000 2020,6000,2317,Reply,0
RT @ProcterMd : Please Send this to your elected officials @realDonaldTrump @GovAbbott @VanTaylorTX @SenTedCruz @RandPaul @JohnCornyn @SenatorBobHall https://t.co/eiomjzm7so,Sun Jul 19 01:10:09 +0000 2020,0,0,Retweet,0
@markmcdougall13 Jesus has my back.,Sun Jul 19 01:06:33 +0000 2020,56,3,Reply,0
@RaphaelCFurtado @kksheld @ProcterMd @realDonaldTrump @RealCandaceO @IngrahamAngle @richardursomd @zev_dr @seanhannity I use that as second line. 👍,Sat Jul 18 08:03:47 +0000 2020,8,0,Reply,0
@mascaraprof What state? We have doctors all over.,Sat Jul 18 08:02:43 +0000 2020,4,0,Reply,0
@PMama025 @ProcterMd @richardursomd @realDonaldTrump @dbongino @IngrahamAngle Houston,Sat Jul 18 05:07:49 +0000 2020,12,0,Reply,0
https://t.co/Kj4z4skspJ,Sat Jul 18 03:20:08 +0000 2020,733,429,Reply,0
@VeronicaCrossUK @ProcterMd @richardursomd @realDonaldTrump @dbongino @IngrahamAngle https://t.co/9jpPak5gR4,Sat Jul 18 03:10:04 +0000 2020,82,45,Reply,0
@CoCnservative @ProcterMd @richardursomd @realDonaldTrump @dbongino @IngrahamAngle Call my office keys get you trained and set up to treat patients.,Sat Jul 18 03:09:08 +0000 2020,4,0,Reply,0
@IvanDeploravich @ProcterMd @richardursomd @realDonaldTrump @dbongino @IngrahamAngle My hero.,Sat Jul 18 03:07:38 +0000 2020,3,0,Reply,0
@_chancer_ @SmithWust @ProcterMd @richardursomd @realDonaldTrump @dbongino @IngrahamAngle Not many diseases competing with COVID symptoms this time of the year.,Sat Jul 18 03:07:17 +0000 2020,1,0,Reply,0
@iriedeby @edgray42450959 @EnemyOfTheLeft @ProcterMd @richardursomd @realDonaldTrump @dbongino @IngrahamAngle 🥵🤣,Sat Jul 18 03:02:36 +0000 2020,6,0,Reply,0
@mikcat00 @Linda36758099 @ProcterMd @richardursomd @realDonaldTrump @dbongino @IngrahamAngle God has my back. Thanks though.,Sat Jul 18 02:59:54 +0000 2020,316,24,Reply,0
@A_sysygypsie @ProcterMd @richardursomd @realDonaldTrump @dbongino @IngrahamAngle Let’s do it. I will be holding a banner on the front line.,Sat Jul 18 02:59:15 +0000 2020,7,0,Reply,0
@iriedeby @i_can_nott @lonestarangle @ProcterMd @richardursomd @realDonaldTrump @dbongino @IngrahamAngle I asked again. What authority do you think AMA has? Ofcourse I’m not a real doctor. I downloaded my md from the internet. Stupid does not have a cure.,Sat Jul 18 02:56:51 +0000 2020,20,0,Reply,0
@i_can_nott @lonestarangle @ProcterMd @richardursomd @realDonaldTrump @dbongino @IngrahamAngle My staff and I have been on prophylaxis. Seeing tons of covid19 patients day. I have over 70 patients on prophylaxis. Smart move. Add vit c and zinc,Sat Jul 18 02:55:05 +0000 2020,50,11,Reply,0
@iriedeby @i_can_nott @lonestarangle @ProcterMd @richardursomd @realDonaldTrump @dbongino @IngrahamAngle Sure I downloaded my MD certificate in the internet. I’m not real. Forest Gump.,Sat Jul 18 02:53:49 +0000 2020,18,0,Reply,0
@SabinehazanMD @bpete78 @BarnettforAZ @ProcterMd @richardursomd @realDonaldTrump @dbongino @IngrahamAngle And I’m part of her team!,Sat Jul 18 02:50:23 +0000 2020,29,1,Reply,0
#earlyHydroxychloroquine+zincworks  #HCQ+zinc4prevention #weshallnotdiebutlive,Sat Jul 18 00:22:32 +0000 2020,3577,1633,Reply,3
@A_sysygypsie @ProcterMd @richardursomd @realDonaldTrump @dbongino @IngrahamAngle Ofcourse. There need to be a grass root up rising. #earlyHydroxychloroquine+zincworks  #HCQ+zinc4prevention #weshallnotdiebutlive,Sat Jul 18 00:20:18 +0000 2020,515,215,Reply,3
@CGWalker30 @ProcterMd @richardursomd @realDonaldTrump @dbongino @IngrahamAngle Who is AMA and what authority do you think they have???,Fri Jul 17 23:08:07 +0000 2020,43,3,Reply,0
@lmdough @ProcterMd @richardursomd @realDonaldTrump @dbongino @IngrahamAngle Your racist claws are showing. I’m from small town LA so I don’t matter. News flash. You loony leftist don’t intimidate me.,Fri Jul 17 22:58:13 +0000 2020,4,2,Reply,0
@lmdough @ProcterMd @richardursomd @realDonaldTrump @dbongino @IngrahamAngle Are U one of the AIs? I rebuke you in the name of Jesus. U want me to shut up. U wish! U will rather people die. I pray U catch Covid and have to take HCQ for cure. It will be the experience U need. Afterall experience is the best teacher. Let me know and I’ll hook u up with HCQ.,Fri Jul 17 22:55:39 +0000 2020,2,1,Reply,0
@BottoDonnie @Shrades25 @ProcterMd @richardursomd @realDonaldTrump @dbongino @IngrahamAngle Yes I use that too. 👍,Fri Jul 17 22:47:30 +0000 2020,10,0,Reply,0
@zev_dr Praying for you doc,Fri Jul 17 18:52:01 +0000 2020,6,1,Reply,0
"@zev_dr I refuse to be chained by fake science. I have successfully treated over 250 COVID patients with HCQ, zpack and zinc. No deaths. All these double blinded studies sponsored by big Phama is fake science.",Fri Jul 17 18:51:26 +0000 2020,14,6,Reply,0
"I refuse to be chained by fake science. I have successfully treated over 250 COVID patients with HCQ, zpack and zinc. No deaths. All these double blinded studies sponsored by big Phama is fake science.@ProcterMd @richardursomd @realDonaldTrump @dbongino @IngrahamAngle",Fri Jul 17 18:36:57 +0000 2020,45618,28025,Tweet,0
@ProcterMd @realDonaldTrump @GovAbbott @VanTaylorTX @SenTedCruz @RandPaul @JohnCornyn @SenatorBobHall Dr Procter and I are getting great results. Let’s treat our people and get back to school and business as usual. #earlyHydroxychloroquine+zincworks  #HCQ+zinc4prevention #weshallnotdiebutlive,Wed Jul 15 03:24:29 +0000 2020,302,168,Reply,3
@reaIDonalTrump_ Me,Wed Jul 15 03:16:24 +0000 2020,1,0,Reply,0
@stillgray BLM is morphing into black lives are better. We can’t go from white supremacy to black supremacy. Shows humans are jacked up and must be held accountable or they abuse power. Most blacks want police brutality to stop but they don’t want BLM to burn down everthing!,Tue Jul 07 15:53:33 +0000 2020,6,1,Reply,0
"@LaurieSkrivan Did you guys watch a different video than I just watched. Are these not the same peaceful protesters that looted, killed and burned buildings? Why will they go protest at a private property. Good for you for defending your property. I will probably pull my gun too if I had one.",Tue Jun 30 05:03:59 +0000 2020,1,0,Reply,0
RT @richardursomd : HCQ works. It not political science. Thank God for IVM/DOXY/AZ. They also work. Maybe better?? https://t.co/GgzFKdhZz0,Tue Jun 30 03:00:05 +0000 2020,0,0,Retweet,0
"@zev_dr @realDonaldTrump Thank you Mr President. We are treating patients in Houston outpatient and keeping them out of the hospital.
#earlyHydroxychloroquine+zincworks  #HCQ+zinc4prevention #weshallnotdiebutlive",Tue Jun 16 19:14:21 +0000 2020,3,3,Reply,3
Covid19 is real. I have them in clinic daily. Some can’t breath but are scared to go to the ER. So we do our best and send them home. This is senseless! Black people will drop like flies in the next two weeks. Our people will suffer. #stoptheproteststartconversation,Tue Jun 02 16:24:11 +0000 2020,587,207,Reply,1
"The protest will continue and so will violence and looting and killing. The same communities we care about will suffer. The point has been made. Stop the protest and start town hall meetings for solution. People are going to die from cobid19.
#stoptheprotest&amp;startconversation",Tue Jun 02 16:19:27 +0000 2020,696,206,Tweet,1
"I wrote this book in 2015.
Ten point plan to disciple America back to God.
You can download it for free here.

https://t.co/uyCK3WY6cH",Sun May 31 02:01:07 +0000 2020,859,397,Tweet,0
@bob_rcampbellmd You are right Bob. India medical counsil approve use. https://t.co/Q2srxgNO5Y,Fri May 22 15:35:48 +0000 2020,0,0,Reply,0
"@DynastyDriven @realDonaldTrump @GovWhitmer @MassGovernor How HCQ prophylaxis without the hoopla. This thing is new there is no randomized study on mask, intubation, social distancing etc. Why are they bashing HCQ that has showed much results and insisting we wait in randomized double blinded study. 
#earlyHydroxychloroquineworks",Fri May 15 18:09:32 +0000 2020,4,5,Reply,1
RT @docdhj : MUST READ.... INCLUDING ALL THOSE ON GILEAD'S GOVERNMENT PAYROLL: The Pseudo-Science Behind The Mysterious Assault On Hydroxychloroquine | Zero Hedge https://t.co/MVbcM2h2dr @lrihendry @realdonaldtrump @SidneyPowell1 @kksheld @AAPSonline @JaneHughesMD,Fri May 08 18:16:38 +0000 2020,0,0,Retweet,0
#earlyHydroxychloroquineworks https://t.co/olCTJwq87a,Tue May 05 02:44:27 +0000 2020,558,231,Tweet,1
"#earlyHydroxychloroquineworks 

https://t.co/ypqZz93LSa",Tue May 05 02:43:19 +0000 2020,476,329,Tweet,1
"RT @realDonaldTrump : Extraordinary times require even closer cooperation between friends. Thank you India and the Indian people for the decision on HCQ. Will not be forgotten! Thank you Prime Minister @NarendraModi for your strong leadership in helping not just India, but humanity, in this fight!",Sat May 02 15:04:18 +0000 2020,0,0,Retweet,0
@FrDaveNix #earlyHydroxychloroquineworks. What do I know? I’m just a regular physician who had seen people get better in 48 hours on HCQ. Who makes money off a cheap generic safe drug that has been used for over 50 years? And did Bill Gates go to med school???,Sat May 02 06:06:53 +0000 2020,1,1,Reply,1
Do not chain doctors. HCQ works. Leave it between doctor and patient. Doctors speak up. U know it works. Be patient advocate. Give guidance but do not stop us. #hydroxychroloquineworks @POTUS @IngrahamAngle @GovMikeHuckabee @realDonaldTrump @VP @TuckerCarlson @JudgeJeanine,Mon Apr 27 23:05:48 +0000 2020,5668,2695,Tweet,1
Many links from doctors that use HCQ and it worked. Black and brown pple stop following blindly. They don’t care if you die. COVID death 65% black. Wake up folks. President Trump we are with you. Keep speaking up. https://t.co/CdRAKz99YK. @realDonaldTrump @IngrahamAngle @POTUS,Mon Apr 27 22:55:37 +0000 2020,401,229,Tweet,0
Hydroxychloroquine works if given early. President Trump we are with you. Many of us doctors know it and have used it. Don’t stop speaking up for us.  @realDonaldTrump @MarkMeadows @TuckerCarlson @IngrahamAngle @DonaldJTrumpJr @POTUS @VP @GovMikeHuckabee @PastorBroden,Mon Apr 27 22:43:52 +0000 2020,658,265,Tweet,0
"Call one million people to pray 30 minutes a day for God’s intervention. To Join us click link below.
https://t.co/R3xUASl1Su",Sun Apr 26 23:08:30 +0000 2020,288,109,Tweet,0
https://t.co/FexvN2Ifv8,Sun Apr 26 23:04:18 +0000 2020,50,25,Tweet,0
"Genesis 26:22
And he removed from thence, and digged another well; and for that they strove not: and he called the name of it Rehoboth; and he said, For now the Lord hath made room for us, and we shall be fruitful in the land.
May we be fruitful In Jesus name.",Sat Oct 12 14:11:17 +0000 2019,191,54,Tweet,0
-  Deliverance From Family Line Witchcraft by Dr. Stella Immanuel https://t.co/OAszrF0Hml,Fri Sep 09 08:32:02 +0000 2016,79,33,Tweet,0
FIRE  POWER MINISTRIES  WITH DR STELLA IMMANUEL -  NEED DELIVERANCE? https://t.co/9NSx5MxIlX,Thu Sep 08 04:32:02 +0000 2016,58,27,Tweet,0
FIRE  POWER MINISTRIES  WITH DR STELLA IMMANUEL -  2016 SEVENTY DAY PRAYER &amp; FASTING STARTS AUGUST 8TH ... https://t.co/jG7DYRD8cR,Wed Aug 03 08:33:02 +0000 2016,46,21,Tweet,0
Wordpress -  Hello world! https://t.co/jXSBbmjzza,Thu Jul 07 04:05:02 +0000 2016,34,11,Tweet,0
I'm raising money for Rebuilding our flooded church. Click to Donate:  https://t.co/7ddEEx3JgP via @gofundme,Sat Jun 25 10:19:47 +0000 2016,53,26,Tweet,0
Watch on #Periscope: Baptism of Fire https://t.co/pQsESyqaMu,Sat Apr 16 21:28:15 +0000 2016,24,8,Tweet,1
Watch on #Periscope: Tuesday Night Deliverance https://t.co/jAk0GyBUGf,Wed Apr 06 06:50:37 +0000 2016,25,7,Tweet,1
A Fight For The Soul Of America Is A Fight For The World https://t.co/hVP7EAXbAY via @YouTube,Sat May 16 11:16:40 +0000 2015,67,19,Tweet,0
Overpowering Familiar Spirits https://t.co/wCxo0EpjVs via @YouTube,Thu May 14 00:22:46 +0000 2015,30,8,Tweet,0
"I just listed: '2014 MFM 70 Days Fasting &amp; Prayer Programme', for 13.99 via @amazon http://t.co/bcI2PiHdE6",Sun Aug 03 20:08:49 +0000 2014,29,7,Tweet,0
"Join us to pray for America.
In her peace shall we have peace!  Jer 29:7.
7124320075 
Pin. 835555# 
Daily: 11pm CST 
http://t.co/DyADRslTEn",Mon Jul 14 10:05:48 +0000 2014,30,11,Tweet,0
How satan Stops Our Prayers. COMBAT IN THE HEAVENLY REALM. By pastor John Mulinde. http://t.co/4aqq0aUg76,Mon Jul 14 10:01:47 +0000 2014,31,8,Tweet,0
"@pitahappy Well I love and trust God. God told us to occupy &amp; the bible uses terms like wrestle, resist, then who are we to remain civilians",Mon Jul 14 09:58:01 +0000 2014,1,0,Reply,0
@DarleneZschech Praying for your complete healing sister. Check out healing scriptures audio. http://t.co/LA9fC7bzX4,Mon Jul 14 09:52:01 +0000 2014,0,0,Tweet,0
PMCH JUNE 2014 Edition Live: http://t.co/kXKN6sB9iV via @YouTube,Sat Jun 07 07:02:25 +0000 2014,20,4,Tweet,0
Deliverance From Spirit Husbands and Spirit Wives (Incubus and Succubus)...: http://t.co/fTiGUnWDB0 via @youtube,Tue Jul 30 04:22:06 +0000 2013,34,15,Tweet,0
"MFM Marietta in Atlanta Miracle Crusade.
 Create Your Tomorrow Today.
A must attend
http://t.co/mJYywhCblo",Tue Jun 25 09:08:36 +0000 2013,15,3,Tweet,0
American Churches Explore Occult Powers by Apostle Jonas Clark http://t.co/SDi4iJj1vD,Mon Jun 10 07:17:07 +0000 2013,19,4,Tweet,0
MFM California Women's Foundation Retreat. http://t.co/gQeu8VD18J,Tue Jun 04 04:59:14 +0000 2013,15,2,Tweet,0
Click on image To Watch Power Must Change Hands Live with Dr D. K. Olukoya http://t.co/1a3sP9EBke,Sat Jun 01 05:32:09 +0000 2013,10,2,Tweet,0
MFM Dallas Crusade - Oh God of Restoration! Visit Me http://t.co/WM9aFQMJlS,Wed May 29 09:47:31 +0000 2013,10,3,Tweet,0
"MFM 3rd Annual Womens Foundation Convention and Crusade, Virginia USA  - Ministering Dr D. K.... http://t.co/3NINevndJn",Wed May 29 08:26:56 +0000 2013,9,2,Tweet,0
"MFM Denver Branch, Oh God Settle Me, My Case is Urgent http://t.co/WMS6kQdi3J",Tue May 14 07:59:20 +0000 2013,11,2,Tweet,0
Tune in to watch Power Must Change Hands Live with Dr Olukoya http://t.co/mAmN106FQ9,Sat Apr 06 07:23:44 +0000 2013,9,2,Tweet,0
Register for MFM School of Prayer North America - May 12 2013 http://t.co/X9Zm4ONPPM,Thu Mar 21 07:49:30 +0000 2013,10,2,Tweet,0
Prayer Points for Disarming your Enemy Day One http://t.co/r7Pno6ZrMk,Thu Feb 28 05:11:34 +0000 2013,12,2,Tweet,0
I Receive Divine Favor – From Three Nights with God to Put Your Enemy under Siege http://t.co/IRP6GtbvvZ,Sun Feb 24 03:05:32 +0000 2013,12,2,Tweet,0
Disarming Your Enemy by Pastor Babalola on Sustained Fire Prayer line http://t.co/taGW3EtY,Tue Feb 19 06:15:56 +0000 2013,9,2,Tweet,0
Three Nights with God to Put Your Enemy under Siege:Deliverance from Evil Spiritual Marriages... http://t.co/p5PMoHrP,Sat Feb 16 16:15:10 +0000 2013,13,2,Tweet,0
Three Nights with God to Put Your Enemy under Siege:   Deliverance from Evil Spiritual Marriag... http://t.co/DDeVSgSR,Thu Feb 14 05:42:21 +0000 2013,8,2,Tweet,0
Three Nights with God to Put Your Enemy under Siege: I Receive Fresh Fire:  Deliverance from E... http://t.co/QJaEi6Hd,Wed Feb 13 04:07:29 +0000 2013,10,2,Tweet,0
Three Nights with God to Put Your Enemy under Siege: I Receive Fresh Fire http://t.co/lL14zjZl,Sat Feb 09 22:17:42 +0000 2013,9,2,Tweet,0
Three Nights with God to Put Your Enemy under Siege: DESTROY THE COVENS OF DARKNESS http://t.co/JOBodyRM,Wed Feb 06 06:54:07 +0000 2013,10,3,Tweet,0
Join our Sustained Fire Prayer Line Worldwide using Skype http://t.co/yORSG11a,Mon Feb 04 13:08:31 +0000 2013,7,2,Tweet,0
I Receive Divine Favor – From Three Nights with God to Put Your Enemy under Siege http://t.co/jBalZRtk,Sat Feb 02 11:52:43 +0000 2013,8,2,Tweet,0
He Shall Vomit what he has Swallowed - From Three Nights with God to Put Your Enemy under Siege http://t.co/E3Epg7mo,Wed Jan 30 09:47:11 +0000 2013,7,2,Tweet,0
Dominion DigitalNet Book Publishing http://t.co/fVTlPEio,Mon Jan 21 10:05:02 +0000 2013,8,2,Tweet,0
I Am a Soldier in the Army of God http://t.co/CZNi8BzH,Sat Jan 19 07:55:37 +0000 2013,15,3,Tweet,0
Dr Stella Immanuel Coming Turks and Caicos Island this Weekend. Jan 19-20 http://t.co/MFdzPpiz,Wed Jan 16 05:11:53 +0000 2013,8,2,Tweet,0
Spirit of Error  - Prayer Line Teaching by Dr Stella Immanuel http://t.co/HJ6anMe7,Wed Jan 09 07:44:32 +0000 2013,8,2,Tweet,0
2013 PROPHESY BY DR OLUKOYA : MY YEAR OF FRESH OIL AND DISTINCTIVE SHINING http://t.co/VRiPdim4,Tue Jan 08 21:26:10 +0000 2013,9,2,Tweet,0
Pray Your Way into 2013 http://t.co/0qmtfJlo,Tue Jan 01 00:50:42 +0000 2013,6,3,Tweet,0
Books By Dr Stella Immanuel http://t.co/Br0DsnO8,Tue Dec 11 08:41:31 +0000 2012,5,1,Tweet,0
Mountain of Fire and Miracles Ministries STRATEGIC PRAYERS FOR 12-12-12 http://t.co/5gDwsFuS,Sat Dec 08 06:37:18 +0000 2012,6,1,Tweet,0
I posted a new photo to Facebook http://t.co/hlZP1wms,Sun Nov 25 17:47:19 +0000 2012,5,0,Tweet,0
FIRE POWER DELIVERANCE MINISTRIES  WITH DR STELLA IMMANUEL  DELIVERANCE PRAYER AND SPIRITUAL WARFARE - ... http://t.co/O884tbyD,Wed Nov 14 08:18:02 +0000 2012,6,0,Tweet,0
Partner With Us at Fire Power Ministries http://t.co/nEWs7bqw,Wed Nov 14 07:43:22 +0000 2012,5,0,Tweet,0
FIRE POWER DELIVERANCE MINISTRIES  WITH DR STELLA IMMANUEL  DELIVERANCE PRAYER AND SPIRITUAL WARFARE - ... http://t.co/BlJBsDnl,Wed Nov 14 00:17:03 +0000 2012,6,1,Tweet,0
FIRE POWER DELIVERANCE MINISTRIES  WITH DR STELLA IMMANUEL  DELIVERANCE PRAYER AND SPIRITUAL WARFARE - ... http://t.co/Me6rb3Zq,Fri Nov 02 13:17:56 +0000 2012,6,0,Tweet,0
Prayer Warfare Against 70 Mad spirits on Sustained Fire Prayer Line http://t.co/2n7QaKAh,Fri Nov 02 12:49:40 +0000 2012,4,0,Tweet,0
FIRE POWER DELIVERANCE MINISTRIES  WITH DR STELLA IMMANUEL  DELIVERANCE PRAYER AND SPIRITUAL WARFARE - ... http://t.co/OHoavLc7,Mon Oct 22 05:04:01 +0000 2012,4,0,Tweet,0
FIRE POWER DELIVERANCE MINISTRIES  WITH DR STELLA IMMANUEL  DELIVERANCE PRAYER AND SPIRITUAL WARFARE - ... http://t.co/lWaIKVmK,Tue Oct 16 03:33:02 +0000 2012,4,0,Tweet,0
THE PROCESS OF PERSONAL DELIVERANCE http://t.co/iuQtlQDb,Sun Oct 07 12:18:06 +0000 2012,4,0,Tweet,0
FIRE POWER DELIVERANCE MINISTRIES  WITH DR STELLA IMMANUEL  DELIVERANCE PRAYER AND SPIRITUAL WARFARE - ... http://t.co/NLQQjXwT,Sun Oct 07 09:17:02 +0000 2012,4,0,Tweet,0
FIRE POWER DELIVERANCE MINISTRIES  WITH DR STELLA IMMANUEL  DELIVERANCE PRAYER AND SPIRITUAL WARFARE - ... http://t.co/HkXP1VYK,Sun Sep 23 06:05:06 +0000 2012,4,0,Tweet,0
Dr D. K. Olukoya the General Oversear of Mountain of Fire and Miracles Ministries is Visiting... http://t.co/jdLmT7MW,Sun Sep 23 04:59:08 +0000 2012,4,0,Tweet,0
FIRE POWER DELIVERANCE MINISTRIES  WITH DR STELLA IMMANUEL  DELIVERANCE PRAYER AND SPIRITUAL WARFARE - ... http://t.co/UgGmsyx2,Thu Sep 13 07:06:03 +0000 2012,6,0,Tweet,0
70 Day Prayer and Fasting Continues. Join Us http://t.co/yMvOLhmt,Thu Sep 13 06:16:41 +0000 2012,6,0,Tweet,0
"FIRE POWER MINISTRIES  WITH DR STELLA- A PRAYER, DELIVERANCE AND SPIRITUAL WARFARE MINISTRY -  Get a Fr... http://t.co/rek1ndpA",Sat Sep 01 22:16:02 +0000 2012,5,0,Tweet,0
Get a Free Copy of My Book. Only Pay Shipping http://t.co/OAak1lo9,Sat Sep 01 21:34:31 +0000 2012,6,0,Tweet,0
"FIRE POWER MINISTRIES  WITH DR STELLA- A PRAYER, DELIVERANCE AND SPIRITUAL WARFARE MINISTRY -  Rev Mosy... http://t.co/owzvghz0",Mon Aug 20 09:35:04 +0000 2012,5,0,Tweet,0
Rev Mosy and Gloria Madugba Presents Minister's Prayer Network Apostolic Women Summit in Atlanta! http://t.co/qe9c6JDi,Mon Aug 20 09:11:27 +0000 2012,4,0,Tweet,0
"FIRE POWER MINISTRIES  WITH DR STELLA- A PRAYER, DELIVERANCE AND SPIRITUAL WARFARE MINISTRY -  Join Us ... http://t.co/9eRCrZyz",Thu Aug 16 15:21:02 +0000 2012,4,0,Tweet,0
"Join Us in Houston for Prayer, Deliverance and Healing with Dr Stella Immanuel. August 16th -... http://t.co/qzyCcaYm",Thu Aug 16 14:40:59 +0000 2012,4,0,Tweet,0
"FIRE POWER MINISTRIES  WITH DR STELLA- A PRAYER, DELIVERANCE AND SPIRITUAL WARFARE MINISTRY -  Join Dr ... http://t.co/25zAYi7R",Tue Aug 07 08:33:00 +0000 2012,4,0,Tweet,0
"FIRE POWER MINISTRIES  WITH DR STELLA- A PRAYER, DELIVERANCE AND SPIRITUAL WARFARE MINISTRY -  Join Us ... http://t.co/HnDLr1DB",Tue Aug 07 07:48:02 +0000 2012,4,0,Tweet,0
Join Dr Stella for a Three Day Total Deliverance Program at MFM Atlanta - Doraville Branch Aug... http://t.co/tsSRbQcM,Tue Aug 07 07:42:52 +0000 2012,5,0,Tweet,0
"Join Us in Houston for Prayer, Deliverance and Healing with Dr Stella Immanuel. August 16th -... http://t.co/SVP9n9AS",Tue Aug 07 07:29:39 +0000 2012,4,0,Tweet,0
JOIN MFM 70 DAY PRAYER AND FASTING. ORDER YOUR COPY OF THE BOOK AND JOIN US. http://t.co/diFK6Aso,Tue Aug 07 07:19:38 +0000 2012,4,0,Tweet,0
"FIRE POWER MINISTRIES  WITH DR STELLA- A PRAYER, DELIVERANCE AND SPIRITUAL WARFARE MINISTRY -  2012 MFM... http://t.co/Y19VP2JR",Tue Aug 07 04:34:01 +0000 2012,4,0,Tweet,0
2012 MFM Seventy Day Prayer and Fasting on Sustained Fire Prayer Line http://t.co/1wAb8ACP,Tue Aug 07 04:12:00 +0000 2012,3,1,Tweet,0
"FIRE POWER MINISTRIES  WITH DR STELLA- A PRAYER, DELIVERANCE AND SPIRITUAL WARFARE MINISTRY -  Seventy ... http://t.co/20RkLDOf",Thu Jul 26 23:48:02 +0000 2012,3,0,Tweet,0
Seventy Day Prayer and Fasting 2012  is starting August 6th 2012. Order your copy today http://t.co/3Kkc5NsN,Thu Jul 26 23:38:03 +0000 2012,3,0,Tweet,0
"FIRE POWER MINISTRIES  WITH DR STELLA- A PRAYER, DELIVERANCE AND SPIRITUAL WARFARE MINISTRY -  Dr Stell... http://t.co/KYfQeHeP",Tue Jul 24 05:50:02 +0000 2012,3,0,Tweet,0
Order Your Copy Now. 2012 Seventy Day Prayer and Fasting Program - Mountain of Fire and Miracl... http://t.co/lkneWJni,Wed Jul 18 06:06:55 +0000 2012,3,1,Tweet,0
70 Days Prayer and Fasting Program Starts 08-06-2012. Fasting Instructions. http://t.co/tiXI1n2g,Tue Jul 17 08:52:02 +0000 2012,3,0,Tweet,0
"FIRE POWER MINISTRIES  WITH DR STELLA- A PRAYER, DELIVERANCE AND SPIRITUAL WARFARE MINISTRY -  2012 Sev... http://t.co/doAGOjzc",Tue Jul 17 08:48:02 +0000 2012,3,0,Tweet,0
2012 Seventy Day Prayer and Fasting Programme Book - Mountain of Fire and Miracles Ministries http://t.co/UZ9I2eKK,Tue Jul 17 08:04:01 +0000 2012,3,0,Tweet,0
"FIRE POWER MINISTRIES  WITH DR STELLA- A PRAYER, DELIVERANCE AND SPIRITUAL WARFARE MINISTRY -  The Batt... http://t.co/DFFPBJvA",Fri Jun 29 03:18:01 +0000 2012,3,0,Tweet,0
http://t.co/RPAwxsuN http://t.co/tkkXWBdV,Thu Jun 28 08:38:35 +0000 2012,6,0,Tweet,0
"Visit Fresh Word Online,  A Christian hangout and Listen to Free messages on various Topics http://t.co/eGTmbKBn",Sun Jun 10 10:45:10 +0000 2012,3,0,Tweet,0
"FIRE POWER MINISTRIES  WITH DR STELLA- A PRAYER, DELIVERANCE AND SPIRITUAL WARFARE MINISTRY -  Visit Fr... http://t.co/QKmVhQHn",Sun Jun 10 07:33:01 +0000 2012,3,0,Tweet,0
21 Day Water Fast to Demolish Satanic Embargo to Our Progress. Crazy Fast ! Crazy Prayers! Crazy Results. http://t.co/vxWFPsms,Sat Jun 02 06:04:18 +0000 2012,5,3,Tweet,0
http://t.co/fORxXPYG http://t.co/NgZKqxA0,Sat Jun 02 05:54:41 +0000 2012,3,0,Tweet,0
"FIRE POWER MINISTRIES  WITH DR STELLA- A PRAYER, DELIVERANCE AND SPIRITUAL WARFARE MINISTRY -  Join Us ... http://t.co/b1YNFcNn",Thu May 31 16:09:19 +0000 2012,3,0,Tweet,0
Join Us for 21 Day water Fast to demolish satanic Embargo to our Progress. Crazy Fast ! Crazy... http://t.co/zYhU1G2n,Thu May 31 15:18:41 +0000 2012,3,0,Tweet,0
"FIRE POWER MINISTRIES  WITH DR STELLA- A PRAYER, DELIVERANCE AND SPIRITUAL WARFARE MINISTRY -  Fire Pow... http://t.co/t71StF5H",Sat May 26 04:04:01 +0000 2012,3,0,Tweet,0
"Fire Power Ministries Presents: Pray Your Way To Breakthrough Prayer, Healing and Deliverance... http://t.co/5VHU0TpP",Sat May 26 03:39:04 +0000 2012,3,0,Tweet,0
"FIRE POWER MINISTRIES  WITH DR STELLA- A PRAYER, DELIVERANCE AND SPIRITUAL WARFARE MINISTRY -  Next Lev... http://t.co/dzEF9va0",Thu May 24 07:33:03 +0000 2012,3,0,Tweet,0
"FIRE POWER MINISTRIES  WITH DR STELLA- A PRAYER, DELIVERANCE AND SPIRITUAL WARFARE MINISTRY -  Unforgiv... http://t.co/5Yx20eVU",Mon May 21 11:07:02 +0000 2012,3,0,Tweet,0
I posted a new photo to Facebook http://t.co/5YiQstMt,Mon May 21 10:39:36 +0000 2012,3,0,Tweet,0
http://t.co/mCBaV3v6 http://t.co/sZARfwvc,Mon May 21 10:35:12 +0000 2012,6,0,Tweet,0
"FIRE POWER MINISTRIES  WITH DR STELLA- A PRAYER, DELIVERANCE AND SPIRITUAL WARFARE MINISTRY -  Unforgiv... http://t.co/QyAnGl91",Sat May 19 06:48:01 +0000 2012,3,0,Tweet,0
"FIRE POWER MINISTRIES  WITH DR STELLA- A PRAYER, DELIVERANCE AND SPIRITUAL WARFARE MINISTRY -  Praying ... http://t.co/HPDb68Ug",Tue May 15 06:17:01 +0000 2012,3,0,Tweet,0
Praying the Psalms for Spiritual Warfare!  Is it Scriptural? http://t.co/7sSMVgyj,Tue May 15 05:48:32 +0000 2012,4,0,Tweet,0
http://t.co/ukhmQkSn http://t.co/GNiMZa2q,Wed May 09 03:38:30 +0000 2012,5,0,Tweet,0
"FIRE POWER MINISTRIES  WITH DR STELLA- A PRAYER, DELIVERANCE AND SPIRITUAL WARFARE MINISTRY -  Characte... http://t.co/qamn48Rm",Wed May 09 02:47:04 +0000 2012,3,0,Tweet,0
"FIRE POWER MINISTRIES  WITH DR STELLA- A PRAYER, DELIVERANCE AND SPIRITUAL WARFARE MINISTRY -  Click He... http://t.co/dnFtbNBg",Sat May 05 01:47:06 +0000 2012,3,0,Tweet,0
Click Here To Watch Power Change Hands Live Dr D. K. Olukoya http://t.co/WzgM4CTm,Sat May 05 01:38:54 +0000 2012,3,0,Tweet,0
God of Miracles Arise http://t.co/Z6AXGar4,Fri May 04 07:24:12 +0000 2012,3,0,Tweet,0
"FIRE POWER MINISTRIES  WITH DR STELLA- A PRAYER, DELIVERANCE AND SPIRITUAL WARFARE MINISTRY -  The Sere... http://t.co/k0PzLHSy",Fri May 04 07:20:02 +0000 2012,3,0,Tweet,0
The Serenity Prayer http://t.co/KEvrVW7Q,Fri May 04 07:00:53 +0000 2012,3,0,Tweet,0
"FIRE POWER MINISTRIES  WITH DR STELLA- A PRAYER, DELIVERANCE AND SPIRITUAL WARFARE MINISTRY -  God of M... http://t.co/ZXPm6LZS",Tue May 01 12:20:02 +0000 2012,3,0,Tweet,0
"FIRE POWER MINISTRIES  WITH DR STELLA- A PRAYER, DELIVERANCE AND SPIRITUAL WARFARE MINISTRY -  Settle i... http://t.co/rdlSKLqQ",Tue May 01 10:33:01 +0000 2012,3,0,Tweet,0
Settle it with God http://t.co/17x87XFy,Tue May 01 10:01:10 +0000 2012,3,0,Tweet,0
"FIRE POWER MINISTRIES  WITH DR STELLA- A PRAYER, DELIVERANCE AND SPIRITUAL WARFARE MINISTRY -  There Is... http://t.co/LSXV1gRf",Sun Apr 22 10:17:05 +0000 2012,3,0,Tweet,0
There Is A Way Out  -  You Can Break From You're Past http://t.co/PcKIiF3b,Sun Apr 22 09:37:52 +0000 2012,3,0,Tweet,0
Praying the Psalms for Spiritual Warfare on Sustained Fire Prayer Line. http://t.co/0FpsYOXk,Sat Apr 21 03:30:01 +0000 2012,3,0,Tweet,0
"FIRE POWER MINISTRIES  WITH DR STELLA- A PRAYER, DELIVERANCE AND SPIRITUAL WARFARE MINISTRY -  Praying ... http://t.co/OrwldxeJ",Sat Apr 21 03:19:02 +0000 2012,5,0,Tweet,0
"FIRE POWER MINISTRIES  WITH DR STELLA- A PRAYER, DELIVERANCE AND SPIRITUAL WARFARE MINISTRY -  Recent T... http://t.co/hFB0uOSs",Sat Apr 14 12:33:01 +0000 2012,4,0,Tweet,0
"FIRE POWER MINISTRIES  WITH DR STELLA- A PRAYER, DELIVERANCE AND SPIRITUAL WARFARE MINISTRY -  Books By... http://t.co/6saeEDqB",Fri Mar 23 05:35:02 +0000 2012,4,0,Tweet,0
Books By Dr Stella! Hot Off the Press http://t.co/kFKdNZCE,Fri Mar 23 04:59:07 +0000 2012,3,0,Tweet,0
"Pray Your Way To Breakthrough Conference, Houston TX.
 March 15th - 17th 2012. http://t.co/DkXbB8zZ",Thu Mar 15 01:40:46 +0000 2012,3,0,Tweet,0
"FIRE POWER MINISTRIES  WITH DR STELLA- A PRAYER, DELIVERANCE AND SPIRITUAL WARFARE MINISTRY -  Fire Pow... http://t.co/M5GDWrnc",Sat Mar 10 04:33:02 +0000 2012,4,1,Tweet,0
Fire Power Ministry Prayer Your Way To Breakthrough Monthy Conference - Houston Texas. March 1... http://t.co/O1s7cpgx,Sat Mar 10 04:14:44 +0000 2012,4,1,Tweet,0
"FIRE POWER MINISTRIES  WITH DR STELLA- A PRAYER, DELIVERANCE AND SPIRITUAL WARFARE MINISTRY -  Are we b... http://t.co/zNUwDtvW",Sun Mar 04 03:17:04 +0000 2012,3,0,Tweet,0
Are we being bewitched through the food we eat? or dare I say drink? http://t.co/CphqcOHn,Sun Mar 04 03:10:26 +0000 2012,4,2,Tweet,0
Fire Power Ministry Prayer Your Way To Breakthrough Monthy Conference - Houston Texas. 3rd Wee... http://t.co/oXAhWpjF,Mon Feb 20 13:09:18 +0000 2012,4,0,Tweet,0
"FIRE POWER MINISTRIES  WITH DR STELLA- A PRAYER, DELIVERANCE AND SPIRITUAL WARFARE MINISTRY -  Fire Pow... http://t.co/8bBLwNMU",Mon Feb 20 13:05:01 +0000 2012,3,0,Tweet,0
"FIRE POWER MINISTRIES  WITH DR STELLA- A PRAYER, DELIVERANCE AND SPIRITUAL WARFARE MINISTRY -  Books on... http://t.co/yi0IuPYZ",Mon Feb 06 08:33:01 +0000 2012,3,0,Tweet,0
Books on Apostle Joseph Ayo  Babalola. The Great Revivalist. http://t.co/6doBQyQy,Mon Feb 06 07:59:23 +0000 2012,3,0,Tweet,0
"FIRE POWER MINISTRIES  WITH DR STELLA- A PRAYER, DELIVERANCE AND SPIRITUAL WARFARE MINISTRY -  Healing ... http://t.co/nDPKWutz",Sat Jan 21 19:17:02 +0000 2012,3,0,Tweet,0
Healing Scriptures Confessions by Dr Stella http://t.co/vV8xh01R,Sat Jan 21 19:03:26 +0000 2012,3,0,Tweet,0
"FIRE POWER MINISTRIES  WITH DR STELLA- A PRAYER, DELIVERANCE AND SPIRITUAL WARFARE MINISTRY -  Delivera... http://t.co/YZEmS7T4",Mon Jan 16 08:02:02 +0000 2012,3,0,Tweet,0
http://t.co/UAEP1Ljo http://t.co/e9jD7wx7,Mon Jan 16 07:55:07 +0000 2012,3,0,Tweet,0
"FIRE POWER MINISTRIES  WITH DR STELLA- A PRAYER, DELIVERANCE AND SPIRITUAL WARFARE MINISTRY -  40 Night... http://t.co/WPhPsSaM",Tue Jan 10 06:47:02 +0000 2012,3,0,Tweet,0
40 Nights with God to Change Your Destiny on Sustained Fire Prayer Line. A Prayer and Fasting... http://t.co/mMackRyd,Tue Jan 10 06:04:30 +0000 2012,3,0,Tweet,0
"FIRE POWER MINISTRIES  WITH DR STELLA- A PRAYER, DELIVERANCE AND SPIRITUAL WARFARE MINISTRY -  Listen T... http://t.co/qfZx2oPm",Thu Jan 05 07:17:03 +0000 2012,3,0,Tweet,0
Pray Your Way to 2012 Program - Cross Over Night Prayer Points http://t.co/2k33VeQh,Sun Jan 01 09:23:11 +0000 2012,3,1,Tweet,0
Pray Your Way to 2011 Program - Cross Over Night Prayer Points http://t.co/2qmueUMO,Sun Jan 01 03:45:11 +0000 2012,3,0,Tweet,0
Pray Your Way to 2011 Program - Cross Over Night Prayer Points http://t.co/2k33VeQh,Sun Jan 01 03:18:38 +0000 2012,3,0,Tweet,0
"COME AND JOIN US FOR 3 - NIGHT PRAYER MARATHON

TO PRAY YOUR WAY INTO 2012

Sustained Fire Deliverance Prayer... http://t.co/DCh37xur",Sat Dec 31 07:14:29 +0000 2011,3,0,Tweet,0
"COME AND JOIN US FOR 3 - NIGHT PRAYER MARATHON

TO PRAY YOUR WAY INTO 2012

Sustained Fire Deliverance Prayer... http://t.co/m1iK9yDx",Sat Dec 31 07:03:56 +0000 2011,2,0,Tweet,0
3 NIGHT CROSS OVER PRAYER MARATHON 12/29 - 12/31! http://t.co/ufbMSdTQ,Sat Dec 31 00:35:06 +0000 2011,4,0,Tweet,0
Mountain of Fire and Miracles Ministries Pray Your Way to 2012 Prayer Program http://t.co/5TSiyeyu,Tue Dec 27 04:38:29 +0000 2011,3,0,Tweet,0
Christmas Carols - Happy Birthday Jesus http://t.co/eSChO4Np,Sun Dec 25 13:53:47 +0000 2011,5,0,Tweet,0
Christmas Carols - habby Birthday Jesus http://t.co/eSChO4Np,Sun Dec 25 07:43:01 +0000 2011,3,0,Tweet,0
Give A prayer book for Christmas! Its a gift that will keep giving. http://t.co/LdfOb0Jk,Mon Dec 12 10:33:58 +0000 2011,4,0,Tweet,0
MFM PRAYER MODEL http://t.co/dcA7dRTp,Tue Nov 29 07:21:06 +0000 2011,3,0,Tweet,0
Listen To Messages by Dr Olukoya Free http://t.co/fjawEtBP,Fri Nov 18 09:54:56 +0000 2011,3,0,Tweet,0
Prayer Passport Prayer Program on Sustained Fire Prayer Line. Praying through Prayer Passport. http://t.co/bpUoPGTS,Sat Nov 12 07:41:28 +0000 2011,3,0,Tweet,0
11-11-11- BREAKTHROUGH WATCH PRAYERS on Sustained Fire Prayer Line. http://t.co/l0PqqqAD,Wed Nov 09 10:48:35 +0000 2011,2,0,Tweet,0
"Books on Prayer, Spiritual Warfare and Deliverance. See List http://t.co/Tkxfq1xV",Fri Nov 04 06:45:16 +0000 2011,2,1,Tweet,0
How To Obtain Personal Deliverance http://t.co/vfEcksmP,Sun Oct 30 05:39:14 +0000 2011,1,0,Tweet,0
Dr Stella in Miami this weekend. Wednesday to Saturday. House of the Living God http://t.co/5aYKlTjf,Thu Oct 27 21:32:32 +0000 2011,2,0,Tweet,0
Destroying the works of Witchcraft on Sustained Fire Prayer Line http://t.co/5EGPxWwU,Wed Oct 19 03:59:27 +0000 2011,2,1,Tweet,0
"Excerpted from Satan, You Can’t Have My Children http://t.co/h4jj8aCm",Fri Oct 14 07:45:41 +0000 2011,2,0,Tweet,0
40 Nights with God to Change Your Destiny on Sustained Fire Prayer Line. A Prayer and Fasting... http://t.co/XgFCgXl9,Fri Sep 30 04:03:30 +0000 2011,0,0,Tweet,0
Do You Need Deliverance? http://t.co/HACJcC6x,Tue Sep 27 11:15:40 +0000 2011,0,1,Tweet,0
THE WARRIOR’S LIFESTYLE BY JONAS CLARK http://t.co/6nUyvwkC,Mon Sep 19 06:49:43 +0000 2011,0,0,Tweet,0
Four Demon Accusations That Stop Spiritual Warriors by Jonas Clark http://t.co/otxHfgd,Mon Sep 12 06:46:13 +0000 2011,0,0,Tweet,0
40 Nights with God to Change Your Destiny on Sustained Fire Prayer Line. A Prayer and Fasting... http://t.co/NOuPM06,Sun Sep 11 08:41:14 +0000 2011,0,0,Tweet,0
70 Days Prayer and Fasting Program Starts today 09-05-2011. Fasting Instructions. http://t.co/lV59GuI,Mon Sep 05 08:24:50 +0000 2011,0,0,Tweet,0
POWER MUST CHANGE HANDS PROGRAM - September 2011 http://t.co/iWI0Pli,Sat Sep 03 04:00:06 +0000 2011,0,1,Tweet,0
PRAYER AGAINST MARINE WITCHRAFT OR WATER SPIRITS on Sustained Fire Prayer Line this week. http://t.co/eWk2p14,Fri Sep 02 08:09:33 +0000 2011,0,1,Tweet,0
Order Your Copy Now. 2011 Seventy Day Prayer and Fasting Program - Mountain of Fire and Miracl... http://t.co/Pydd0pi,Tue Aug 30 10:18:43 +0000 2011,0,0,Tweet,0
Order Your Copy of MFM 70-Days Prayer and Fasting Program 2011 Begins 9-5-11. http://t.co/5JWLZaG,Mon Aug 29 09:37:01 +0000 2011,0,0,Tweet,0
MFM 70-Days Prayer and Fasting Programme 2011 Begins 9-5-11. Order your copy now http://t.co/Ck8vHFA,Thu Aug 25 10:12:47 +0000 2011,0,0,Tweet,0
MFM 70-Days Prayer and Fasting Programme 2011 Begins 9-5-11. Order your copy now http://t.co/1aGzBb0,Thu Aug 25 09:28:44 +0000 2011,0,0,Tweet,0
SENDING CONFUSION INTO THE CAMP OF THE ENEMY on Sustained Fire Prayer Line http://t.co/fybUPGe,Fri Aug 19 03:16:04 +0000 2011,0,1,Tweet,0
MFM 70-Days Prayer and Fasting Programme 2011 Begins 9-5-11. Order your copy now http://t.co/1aGzBb0,Mon Aug 15 09:50:10 +0000 2011,0,0,Tweet,0
2011 Seventy Day Prayer and Fasting Program - Mountain of Fire and Miracles Ministries http://deliverancetraining.org/?p=1848,Fri Aug 12 10:06:11 +0000 2011,0,0,Tweet,0
RELEASE FROM DESTRUCTIVE COVENANTS on Sustained Fire Prayer Line http://deliverancetraining.org/?p=1846,Thu Aug 11 20:27:29 +0000 2011,0,0,Tweet,0
Watch Power Must Change Hands with Dr Olukoya Now http://deliverancetraining.org/?p=1844,Sat Aug 06 07:40:51 +0000 2011,0,0,Tweet,0
Prophetic Confrontations by Jonas Clark http://deliverancetraining.org/?p=1842,Mon Aug 01 13:01:23 +0000 2011,0,0,Tweet,0
WEALTH MUST CHANGE HANDS http://deliverancetraining.org/?p=1841,Fri Jul 29 02:17:50 +0000 2011,0,0,Tweet,0
NEED DELIVERANCE? http://deliverancetraining.org/?p=1839,Sat Jul 23 22:48:30 +0000 2011,0,0,Tweet,0
Breaking Sturbbon Curses on Sustained Fire Prayer Line. http://deliverancetraining.org/?p=1837,Fri Jul 22 03:41:45 +0000 2011,2,0,Tweet,0
"Everyone A Prophet, No One A King  by Jonas Clark http://deliverancetraining.org/?p=1836",Thu Jul 21 07:15:02 +0000 2011,0,0,Tweet,0
Christian Book Store. Click on Book Image For Other Books by The Author http://deliverancetraining.org/?p=1835,Thu Jul 14 06:49:49 +0000 2011,0,0,Tweet,0
Fight For Your Marriage on Sustained Fire Prayer Line http://deliverancetraining.org/?p=1834,Fri Jun 24 04:22:35 +0000 2011,1,0,Tweet,0
"Fire Power Ministries Set The Nation On Fire 2011, July 1st - July 9th. Fight For The Family http://deliverancetraining.org/?p=1832",Wed Jun 22 20:33:37 +0000 2011,0,0,Tweet,0
Fire Power Ministries Presents Set The Nation On Fire 2011. My Other Spiritual Parents Reveren... http://deliverancetraining.org/?p=1831,Thu Jun 09 05:53:48 +0000 2011,0,0,Tweet,0
ATTACKING THE ENEMY OF YOUR CALLING on Sustained Fire Prayer Line http://deliverancetraining.org/?p=1830,Wed Jun 08 03:31:33 +0000 2011,0,0,Tweet,0
Fight For Your Marriage Combo - Acidic Books to arm your Against Marriage Breakers http://deliverancetraining.org/?p=1829,Mon Jun 06 18:25:22 +0000 2011,0,0,Tweet,0
Order Command The Morning by Dr Olukoya http://deliverancetraining.org/?p=1828,Sat Jun 04 09:14:28 +0000 2011,0,0,Tweet,0
ATTACKING THE ENEMY OF YOUR CALLING on Sustained Fire Prayer Line http://deliverancetraining.org/?p=1827,Fri Jun 03 03:34:51 +0000 2011,0,0,Tweet,0
I will Do a cleansing in America from April 2011 through Disasters Says the Lord - Joplin http://deliverancetraining.org/?p=1826,Mon May 23 19:03:11 +0000 2011,0,0,Tweet,0
I will Do a cleansing in America from April 2011 through Disasters Says the Lord - Joplin http://deliverancetraining.org/?p=1825,Mon May 23 18:51:28 +0000 2011,0,0,Tweet,0
Set the Nation on Fire Conference 2011 http://fb.me/XKs5JfIT,Sat May 21 03:27:52 +0000 2011,0,0,Tweet,0
I posted a new photo to Facebook http://fb.me/YeFKxtSm,Fri May 20 03:13:09 +0000 2011,0,0,Tweet,0
My Destiny Shall Not Die on Sustained Fire Prayer Line. http://deliverancetraining.org/?p=1824,Fri Apr 29 07:13:34 +0000 2011,0,0,Tweet,0
Dr Stella Ministering at Houston PrayerQuake - April 28th - April 30th http://deliverancetraining.org/?p=1822,Wed Apr 27 14:04:15 +0000 2011,0,0,Tweet,0
SENDING CONFUSION INTO THE CAMP OF THE ENEMY on Sustained Fire Prayer Line. http://deliverancetraining.org/?p=1821,Fri Apr 22 01:10:07 +0000 2011,0,0,Tweet,0
http://www.youtube.com/watch?v=JZ34e8g7geI http://fb.me/V6XWVFyS,Tue Apr 05 03:13:08 +0000 2011,1,0,Tweet,0
War At The Edge of Breakthrough on Sustained Fire Prayer Line http://deliverancetraining.org/?p=1817,Thu Mar 31 12:50:59 +0000 2011,0,0,Tweet,0
Power Against Evil Spiritual Marriages on Sustained Fire Prayer Line http://deliverancetraining.org/?p=1815,Fri Mar 18 03:28:43 +0000 2011,0,0,Tweet,0
Breaking un Godly Soul Ties on Sustained Fire Prayer Line. http://deliverancetraining.org/?p=1813,Fri Mar 11 02:48:28 +0000 2011,1,0,Tweet,0
Power for New Beginnings on Sustained Fire Prayer Line 3/3/11 http://deliverancetraining.org/?p=1812,Thu Mar 03 20:24:03 +0000 2011,0,0,Tweet,0
Apostolic Women Conference Abuja Nigeria. Tues June 14th - Sat June 18th 2011. http://deliverancetraining.org/?p=1811,Thu Mar 03 15:45:48 +0000 2011,0,0,Tweet,0
http://www.youtube.com/watch?v=Otti-82jEAc http://fb.me/MueBnjek,Wed Mar 02 04:43:12 +0000 2011,0,0,Tweet,0
"WHAT IS AN END-TIME CHURCH?
An end-time church: is a church where a sinner enters with two options. He either... http://fb.me/SL0oqqW5",Fri Feb 25 17:22:24 +0000 2011,0,0,Tweet,0
Deliverance Of The Tongue on Sustained fire Prayer Line. http://deliverancetraining.org/?p=1809,Fri Feb 25 04:33:12 +0000 2011,0,0,Tweet,0
Deliver Me From The Enemy Within On Sustained Fire Prayer Line http://deliverancetraining.org/?p=1807,Fri Feb 18 02:09:53 +0000 2011,0,0,Tweet,0
PRAYER AGAINST MARINE WITCHRAFT OR WATER SPIRITS on Sustained Fire Prayer Line this week. http://deliverancetraining.org/?p=1805,Thu Feb 10 22:44:37 +0000 2011,0,1,Tweet,0
Books on Deliverance http://deliverancetraining.org/?p=1798,Wed Feb 09 06:22:58 +0000 2011,0,0,Tweet,0
Destroying The Works of Witchcraft http://deliverancetraining.org/?p=1792,Sat Feb 05 23:23:44 +0000 2011,1,0,Tweet,0
Words From a Warriors Heart by Dr Stella http://deliverancetraining.org/?p=1790,Thu Feb 03 04:49:04 +0000 2011,0,0,Tweet,0
Words from A Warriors Heart. I Trust God as my Commander in Chief by Dr Stella http://deliverancetraining.org/?p=1788,Mon Jan 31 22:05:11 +0000 2011,0,2,Tweet,0
Deliverance Video by Dr Stella http://deliverancetraining.org/?p=1783,Thu Jan 27 20:32:02 +0000 2011,0,0,Tweet,0
"The Enemy is an expert at capturing the destiny of the saints from youth. Watch this video, storm the house of the... http://fb.me/G0BGJWsv",Wed Jan 26 20:28:13 +0000 2011,0,0,Tweet,0
"Dreams, their interpetations and victory over satanic dreams. http://deliverancetraining.org/?p=1772",Sat Jan 22 22:53:39 +0000 2011,1,1,Tweet,0
"Dreams, their interpetations and victory over satanic dreams. http://deliverancetraining.org/?p=1772",Fri Jan 21 06:57:59 +0000 2011,2,0,Tweet,0
Books http://deliverancetraining.org/?p=1769,Thu Jan 20 19:14:07 +0000 2011,0,0,Tweet,0
When Leaders sin From Open Heavens distributed by Laide Daramola http://deliverancetraining.org/?p=1768,Wed Jan 19 23:27:30 +0000 2011,0,0,Tweet,0
"Listen to Dr Olukoya's messages free on Fresh Word Online

Register free to hang out, watch or listen to Fresh... http://fb.me/Sg6D8mCL",Mon Jan 03 03:20:14 +0000 2011,0,0,Tweet,0
"Visit Fresh Word Online
Register free to hang out, watch or listen to Fresh Word Online.
Promote your ministry by... http://fb.me/PILIy64O",Sun Jan 02 11:50:07 +0000 2011,0,0,Tweet,0
"Fight Your Way To 2011 Nassua, Bahamas Conference (Broadcasting live at http://ustre.am/fWLS)",Wed Dec 15 22:34:49 +0000 2010,0,0,Tweet,0
"What is Fire Power - FP

From Wikipedia.

Fire power is a military capability to direct force at an enemy. It is... http://fb.me/LomJxCg3",Tue Dec 07 08:09:00 +0000 2010,0,0,Tweet,0
My fifth book. Keys To effective Spiritual Warfare - How To Fight and not be a Casualty.... http://fb.me/K9CJNuje,Fri Nov 19 20:51:04 +0000 2010,0,0,Tweet,0
"My Second Book. Sustained Fire Until They are Consumed.
                        What is sustained fire?        It... http://fb.me/OqG54iO6",Fri Nov 19 20:47:20 +0000 2010,0,0,Tweet,0
For years America seemed to enjoy a good foundation of having been founded on biblical principles. America became... http://fb.me/IusKFpL4,Fri Nov 19 20:39:37 +0000 2010,0,0,Tweet,0
30 Day Battle Cry For Our Prosperity. November 4th to December 4th 2010 http://fb.me/FMbNVmfB,Thu Nov 04 19:57:50 +0000 2010,0,0,Tweet,0
http://www.ustream.tv/recorded/10497750 http://fb.me/K9e9XPQ4,Mon Nov 01 06:39:28 +0000 2010,1,0,Tweet,0
"If you are sick and tired of the enemy harassing you, you have come to the right place. We kick the devi'ls behind... http://fb.me/MKTEQEyz",Mon Nov 01 03:56:04 +0000 2010,3,1,Tweet,0
"Join us  now. prayer going on.
Prayer Line: Call # 712-432-0075 – Pin 835555#
Everyday
11pm – 12.30am US CST.
12am... http://fb.me/xsLY6mwD",Thu Oct 21 04:54:04 +0000 2010,0,1,Tweet,0
"Visit Our blog to get prayer points for all kinds of situations.
http://firepowerministry.org/blog/ http://fb.me/KrS4NyVw",Wed Oct 20 02:50:47 +0000 2010,0,0,Tweet,0
"Visit Fire Power Ministries Deliverance Blog.
Our Goal is to provide you with tools and resources to break free... http://fb.me/IN6VK7vD",Fri Oct 15 11:26:24 +0000 2010,0,0,Tweet,0
http://deliveranceministryblog.firepowerministry.org/ http://fb.me/zGBXi8zi,Fri Oct 15 11:23:01 +0000 2010,0,0,Tweet,0
Click Here to listen to Dealing with the strongman teaching and prayer.... http://fb.me/HlcHRCWF,Fri Oct 08 08:20:44 +0000 2010,0,0,Tweet,0
"Sustained Fire to Demolish Strongholds, Week 3
A time of daily prayer and warfare. Dealing With The Strongman.... http://fb.me/KTlAZbYc",Fri Oct 08 03:14:52 +0000 2010,0,0,Tweet,0
"If the allegations are true then it was premeditated, deliberate sin not a mistake. reprobate. I pray its false.... http://fb.me/IARADTG5",Tue Oct 05 05:11:48 +0000 2010,0,0,Tweet,0
Are you or your ministry under attack by the enemy? We started a prayer progamme called sustained fire in the... http://fb.me/GXEx5nY7,Thu Sep 30 04:20:07 +0000 2010,0,0,Tweet,0
"Sustained Fire to Demolish Strongholds.
A time of daily prayer and warfare Sustained Fire to Demolish Strongholds.... http://fb.me/Kht3PE5k",Wed Sep 29 02:01:27 +0000 2010,0,0,Tweet,0
"""Set the Nation On Fire Conference 2010"" at The Global Impact Center 9-17-2010 (Broadcasting live at http://ustre.am/fWLS)",Sat Sep 18 01:24:16 +0000 2010,0,0,Tweet,0
"Fire Power Ministries Presents ""Set The Nation On Fire Conference 2010"" (Broadcasting live at http://ustre.am/fWLS)",Tue Sep 14 00:05:30 +0000 2010,0,0,Tweet,0
Thursdays 9/9/2010 PRAYERS TO DESTROY EFFECTS OF EVIL FOUNDATIONS from MFM http://fb.me/xaG2GRdT,Thu Sep 09 04:15:35 +0000 2010,0,0,Tweet,0
"[[Update:]] The location of the ""Set The Nation On Fire Conference"" by 
Fire Power Ministries coming in September... http://fb.me/Inu9D6tr",Wed Sep 01 22:14:00 +0000 2010,0,0,Tweet,0
"Dr Olukoya coming to Toronto, Canada : The God Of Signs And Wonders Conference, MFM Toronto, Canada. A Must... http://fb.me/zgATQqHl",Wed Sep 01 05:43:58 +0000 2010,0,0,Tweet,0
I posted a new photo to Facebook http://fb.me/G6pOklQn,Wed Sep 01 04:49:24 +0000 2010,0,0,Tweet,0
Dr Stella - God's Warrior Princess will be ministering at the Deliverance and Fire Weekend at House of the Living... http://fb.me/Gckcnnfe,Thu Aug 12 06:52:27 +0000 2010,0,0,Tweet,0
"Are there any Christian networkers out there ready for new start up.
Check out Dominion DigitalNet.
http://www.dominionmarketplace.com",Mon Aug 09 10:10:45 +0000 2010,0,0,Tweet,0
"Here it is at last, The 1st. Prayer and Deliverance Bible published by the Mountain of Fire and Miracles... http://fb.me/EXTt6Qny",Mon Aug 09 07:52:40 +0000 2010,0,0,Tweet,0
You need to check out this site if you want more followers: http://bit.ly/8X06mj,Mon Aug 09 02:18:27 +0000 2010,0,0,Tweet,0
"CHECK out this site, im a member of it, It gets you more followers: http://bit.ly/8X06mj",Sun Aug 08 19:48:10 +0000 2010,0,0,Tweet,0
"Serious fire fell on our prayer line tonight and strongholds of witchcraft was broken off a lot of people.
Click... http://fb.me/F3Dd5QrX",Fri Aug 06 06:32:48 +0000 2010,0,0,Tweet,0
For years America seemed to enjoy a good foundation of having been founded on biblical principles. Even though the... http://fb.me/DXnkQrKR,Mon Jul 26 10:32:45 +0000 2010,1,1,Tweet,0
For years America seemed to enjoy a good foundation of having been founded on biblical principles. Even though the... http://fb.me/DOMjRDFO,Mon Jul 26 10:31:55 +0000 2010,0,0,Tweet,0
For years America seemed to enjoy a good foundation of having been founded on biblical principles. Even though the... http://fb.me/Drbfwh3Q,Mon Jul 26 10:29:39 +0000 2010,0,0,Tweet,0
"Are there any Christian networkers out there ready for new start up.
Dominion DigitalNet A Christain Network... http://fb.me/AyrEe6MV",Fri Jul 23 09:59:48 +0000 2010,0,0,Tweet,0
I posted a new photo to Facebook http://fb.me/BDiBscxm,Tue Jul 13 18:59:04 +0000 2010,0,0,Tweet,0
"Make sure you view and download the the most recent "" Fire Power Ministries - Set The Nation On Fire Conference""... http://fb.me/DCVmpQ7J",Tue Jul 13 18:56:43 +0000 2010,0,0,Tweet,0
"SUSTAINED FIRE - UNTIL THEY ARE CONSUMED.

This second book of the occupying force series “Sustained Fire” is... http://fb.me/DcgckSJT",Tue Jul 13 04:02:44 +0000 2010,0,0,Tweet,0
"SUSTAINED FIRE - UNTIL THEY ARE CONSUMED.

This second book of the occupying force series “Sustained Fire” is... http://fb.me/wQKBTVtp",Tue Jul 13 04:01:05 +0000 2010,0,0,Tweet,0
"Father release you anointing, your consuming fire, your refining fire, your convicting power over our churches... http://fb.me/BYmoaCqQ",Sun Jul 04 08:09:11 +0000 2010,1,0,Tweet,0
"Power Against Familiar spirits on Prayer Line tonight.
Have you ever had visitations from a dead spouse, friend or child. This week...",Fri Jul 02 01:09:49 +0000 2010,0,0,Tweet,0
"""GOD'S WARRIOR PRINCESS"" IS COMING TO PETERSBURG, VA.
HOUSE OF RESTORATION
 210 South Market Street, Petersburg,... http://fb.me/v1KLRPGS",Tue Jun 29 20:04:03 +0000 2010,0,0,Tweet,0
What happens when the deliverer needs deliverance. What happens man or woman of God when like Elijah you have just... http://fb.me/D6I2aieq,Tue Jun 29 00:52:24 +0000 2010,1,0,Tweet,0
God Bless you saints as you listen to thia message. http://fb.me/As26I97F,Tue Jun 29 00:49:17 +0000 2010,0,0,Tweet,0
http://store.payloadz.com/go?id=818389  or visit www.deliveranceministrystore.com for some powerful teachings... http://fb.me/BdEsKm8v,Sun Jun 27 17:50:53 +0000 2010,0,0,Tweet,0
Saints I have been working hard to find a company that has a program that can truly empower people financially not... http://bit.ly/9GKvYJ,Tue Jun 15 19:22:32 +0000 2010,0,0,Tweet,0
"God's Warrior Princess Presents SET THE NATION ON FIRE CONFERENCE.
September 11 to the 18th.
Three days of fasting... http://bit.ly/bmADJK",Sun Jun 13 19:12:19 +0000 2010,0,0,Tweet,0
"God's Warrior Princess Presents SET THE NATION ON FIRE CONFERENCE.
September 11 to the 18th.
Three days of fasting... http://bit.ly/94gteI",Sun Jun 13 19:12:07 +0000 2010,0,0,Tweet,0
"This book is a guide to spiritual recovery from the catastrophic ""hurricanes"" which can occur in the lives of... http://bit.ly/dxKWJK",Fri Jun 11 09:52:47 +0000 2010,0,0,Tweet,0
"""GOD'S WARRIOR PRINCESS"" IS COMING TO ST. AUGUSTINE . FLORIDA Gospel Open Eye Ministries Intl 3605 Lewis Speedway... http://bit.ly/aRwV89",Wed Jun 09 02:46:35 +0000 2010,0,0,Tweet,0
"Join DR. STELLA - GOD'S WARRIOR PRINCESS LIVE TONIGHT @ HOUSE OF THE LIVING GOD, MIAMI FLORIDA  BROADCAST LIVE @... http://bit.ly/bWyU4y",Sat Jun 05 21:07:30 +0000 2010,0,0,Tweet,0
"""GOD'S WARRIOR PRINCESS"" IS COMING TO ST. AUGUSTINE . FLORIDA.
When : Wed, June 9, 7:00pm – Fri, June 11, 11:30pm.... http://bit.ly/aF4jXw",Tue Jun 01 17:10:05 +0000 2010,1,0,Tweet,0
"GODS WARRIOR PRINCESS COMING TO MIAMI, FLORIDA.
When : Jun 3 – 6 2010.
Where :House of the Living God . 137000 NE... http://bit.ly/9jp53A",Tue Jun 01 16:24:56 +0000 2010,0,0,Tweet,0
"GODS WARRIOR PRINCESS COMING TO MIAMI, FLORIDA.
When : Jun 3 – 6 2010. Where :House of the Living God . 137000 NE... http://bit.ly/cTXqyE",Tue Jun 01 16:24:12 +0000 2010,0,0,Tweet,0
"GODS WARRIOR PRINCESS COMING TO MIAMI, FLORIDA

When : Jun 3 – 6 2010.

Where :House of the Living God . 137000 NE... http://bit.ly/ao3R3x",Tue Jun 01 16:23:32 +0000 2010,0,0,Tweet,0
This page is for Christians who believe wealth is part of their divine right and are willing to make money the... http://bit.ly/d1eTnK,Tue Jun 01 12:15:42 +0000 2010,1,1,Tweet,0
On the issue of witchcraft everybody has to self examine and deal with the witchcraft that has come into their... http://bit.ly/9CEQV6,Tue May 25 06:23:52 +0000 2010,1,1,Tweet,0
"""GOD'S WARRIOR PRINCESS"" Will Be Speaking At Mountain of Fire and Miracles Ministries Ottawa (MFM-Ottawa). Seminar... http://bit.ly/aPp1f5",Mon May 24 18:11:51 +0000 2010,0,0,Tweet,0
"""GOD'S WARRIOR   PRINCESS"" Will Be Speaking At
          Mountain  of Fire and Miracles 
Ministries... http://bit.ly/ashHbo",Mon May 24 18:10:15 +0000 2010,0,0,Tweet,0
http://www.facebook.com/photo.php?pid=194940&l=08be44a028&id=106502632703883,Fri May 21 08:15:46 +0000 2010,0,0,Tweet,0
http://www.facebook.com/photo.php?pid=194938&l=d1f7f96809&id=106502632703883,Fri May 21 08:09:49 +0000 2010,0,0,Tweet,0
http://www.talkshoe.com/tc/83011 http://bit.ly/9T9eCl,Mon May 17 03:01:31 +0000 2010,0,0,Tweet,0
"God's Warrior Princess.
We declare a forty day fast with specific prayers for those that want fire in their... http://bit.ly/avNlRy",Fri May 14 11:08:41 +0000 2010,0,0,Tweet,0
Wow http://bit.ly/d6MtG3,Tue May 11 10:23:29 +0000 2010,1,0,Tweet,0
Phil 2:10 says at the mention of the name of Jesus every knee bows. Apply the blood of Jesus to your situation and... http://bit.ly/boXQmO,Mon May 10 15:15:40 +0000 2010,1,0,Tweet,0
I am about to burst a few bubbles in our religion right now. Ministers say they are attacked because the is such an... http://bit.ly/dshIgn,Mon May 10 08:12:39 +0000 2010,0,0,Tweet,0
The erroneous and unscriptural position that believers cannot have demons has caused untold hardship. Demons are... http://bit.ly/d7cucy,Fri May 07 23:44:27 +0000 2010,0,0,Tweet,0
The erroneous and unscriptural position that believers cannot have demons has caused untold hardship. Demons are... http://bit.ly/dj4xwN,Fri May 07 20:13:55 +0000 2010,0,0,Tweet,0
Dr Stella. God's Warrior Princess. For those who missed yesterday's powerful prayer and teaching on Incubi and... http://bit.ly/ay4VCx,Fri May 07 09:36:23 +0000 2010,0,1,Tweet,0
"Prayer Line # 712-432-0075 Pin 835555#.
Thurdays 10pm-12am. Central Time. 11pm eastern, 8pm Pacific. 

Power... http://bit.ly/dgyOQ9",Thu May 06 03:21:18 +0000 2010,0,0,Tweet,0
Dealing with evil Spiritual Marraige. Succubus and Incubus. Prayer pionts. Thurday may 6th at 10pm. http://bit.ly/cbL02r,Thu May 06 03:17:05 +0000 2010,1,0,Tweet,0
"If you have ever, I mean ever had sex in your dreams. No matter how long ago, you need this.  Call in this Thursday... http://bit.ly/8YOl8M",Wed May 05 06:29:31 +0000 2010,0,0,Tweet,0
God's Warrior Princess. Do you have sexual demons attacking you in your dreams. Are you being tormented with these... http://bit.ly/bN2vkg,Wed May 05 06:21:49 +0000 2010,2,1,Tweet,0
Dealing With The Strongman Prayer Points - Today - Thursday April 29th http://bit.ly/bbz6d3,Thu Apr 29 09:12:20 +0000 2010,0,0,Tweet,0
"Satan actually has Christians thinking if they stand for holiness in the face of a wicked and perverse world,... http://bit.ly/d5CHuy",Wed Apr 28 07:15:35 +0000 2010,0,0,Tweet,0
"Father pour out your anointing today on your servants to teach, preach, heal and deliver in the name of Jesus. Let... http://bit.ly/bjdTbi",Sun Apr 25 11:06:03 +0000 2010,1,0,Tweet,0
When your Levee Breaks How to pump The Junk out of Your Life. By Dr Stella Gwandiku http://bit.ly/c9BaoW,Fri Apr 23 08:23:21 +0000 2010,0,0,Tweet,0
Prayer points for 4/22 Deliverance from Generational or Foundational Bondage. http://bit.ly/axQF9H,Thu Apr 22 09:35:56 +0000 2010,0,0,Tweet,0
"Call in For a heaven shaking devil harrasing prayer time with Dr Stella.
Thursdays 10pm to 12am. US central... http://bit.ly/dtQJtB",Wed Apr 21 12:09:00 +0000 2010,0,0,Tweet,0
will you be ready. http://bit.ly/bUMI5T,Mon Apr 19 09:02:26 +0000 2010,0,0,Tweet,0
http://media.causes.com/571460?p_id=119380809&amp http://bit.ly/cTItqx,Mon Apr 19 09:00:31 +0000 2010,0,0,Tweet,0
"There is no such thing as dating in the bible. There is married, single, betrothed(engaged and you are not suppose... http://bit.ly/dbGiqD",Sun Apr 18 03:44:20 +0000 2010,0,1,Tweet,0
Todays prayer topic is breaking the stronghold of witchcraft. from 10pm to 12am US central time. Call in 712 432... http://bit.ly/aTR86H,Fri Apr 16 02:13:23 +0000 2010,1,1,Tweet,0
Tune in online at 4pm central time Today Thursday to listen to listen to our radio program www.kaytfm.com http://bit.ly/cIzWdw,Thu Apr 15 20:53:38 +0000 2010,0,0,Tweet,0
"Call in For a heaven shaking devil harrasing prayer time with Dr Stella.

Thursdays 10pm to 12am. US central... http://bit.ly/9JPSNq",Thu Apr 15 15:23:23 +0000 2010,0,0,Tweet,0
"People can't here from God because there is too much worldliness in the church. Thier ears are clogged, eyes veiled... http://bit.ly/d4I3fr",Thu Apr 15 11:28:46 +0000 2010,1,0,Tweet,0
What happens when the deliverer needs deliverance. What happens man or woman of God when like Elijah you have just... http://bit.ly/9wkZZq,Thu Apr 15 08:00:12 +0000 2010,0,0,Tweet,0
Prayer point for tommorrow 10pm to 12 am. Topic - Breaking the Stronghold of Witchcraft http://bit.ly/aOh8Vk,Thu Apr 15 03:52:48 +0000 2010,0,1,Tweet,0
Call in For a heaven shaking devil harrasing prayer time with Dr Stella. Thursdays 10pm to 12am. US central time.... http://bit.ly/bp94Cf,Wed Apr 14 04:19:38 +0000 2010,0,0,Tweet,0
Prophetic Voice April 13 at 11:02pm  Join us on The Prophet's House Prayer line at: (712) 432-0075 code 651124#.... http://bit.ly/cPHK7G,Wed Apr 14 04:09:36 +0000 2010,1,0,Tweet,0
Click here to listen to our ministry live at 4pm central time. Todays topic is the gates. http://bit.ly/9LE6nb,Tue Apr 13 20:59:21 +0000 2010,1,0,Tweet,0
Call in For a heaven shaking devil harrasing prayer time with Dr Stella. Thursday 10pm to 12am. US central time.... http://bit.ly/aFkPfj,Tue Apr 13 09:07:56 +0000 2010,1,0,Tweet,0
Conference Call # and Pin:712-432-0075 Code 835555# http://bit.ly/apeyLI,Tue Apr 13 09:03:36 +0000 2010,1,0,Tweet,0
Click here to join our fan page http://www.facebook.com/pages/Fire-Power-Ministries/106502632703883Click here to... http://bit.ly/cbuGfV,Mon Apr 12 23:25:58 +0000 2010,1,0,Tweet,0
Is there any such thing as a good witch? http://bit.ly/bjbWQs,Mon Apr 12 15:59:44 +0000 2010,1,2,Tweet,0
Sins of the flesh are worse than others because it brings bondage into your life and keeps you in captivity. You... http://bit.ly/baHEsh,Sun Apr 11 08:48:12 +0000 2010,1,0,Tweet,0
The children of Israel left Egypt and wondered in the wilderness and trusted God for food.  As long as they kept... http://bit.ly/dkthew,Sun Apr 11 08:47:25 +0000 2010,1,0,Tweet,0
Jesus is a way of life. Yes it’s hard to walk right. it’s much easier to do wrong. But there are consequences of... http://bit.ly/c3JoLZ,Sun Apr 11 08:39:30 +0000 2010,1,0,Tweet,0
Today warefare night was fours hours of straight war using Midnight Battle by Dr Olukoya. I feel like I've been... http://bit.ly/cb9rvb,Sat Apr 10 10:18:15 +0000 2010,1,0,Tweet,0
"Satan actually has Christians thinking if they stand for holiness in the face of a wicked and perverse world,... http://bit.ly/aqjsgM",Sat Apr 10 00:02:08 +0000 2010,1,0,Tweet,0
"We have to become violent in the spirit and cut out the sinning, whininess, laziness and worldliness and pray like... http://bit.ly/cnQLRq",Thu Apr 08 13:31:14 +0000 2010,1,0,Tweet,0
We are doing pat-a cake Christianity that is why the devil has pushed us in the closet. I grew up in Africa where... http://bit.ly/9RmKSH,Thu Apr 08 13:30:09 +0000 2010,1,0,Tweet,0
Listen to us online on Teusdays and Thursdays 4PM US central time. http://bit.ly/aV9B2W,Thu Apr 08 11:32:42 +0000 2010,1,0,Tweet,0
"I posted 4 photos on Facebook in the album ""Crusade and Health Fair"" http://bit.ly/a8CG0L",Thu Apr 08 09:37:32 +0000 2010,1,0,Tweet,0
"As a born again Christain, you no longer have the Adamic, sinful nature but you are new. It is also true that even... http://bit.ly/9MtMud",Thu Apr 08 06:43:58 +0000 2010,1,0,Tweet,0
http://www.facebook.com/profile.php?ref=profile&id=789294179#!/video/video.php?v=410104259179 http://bit.ly/bviymX,Wed Apr 07 01:53:41 +0000 2010,1,0,Tweet,0
"Saints if you sin and calamity comes upon you, you still have a way out. Isa 49:24 says even the lawful captives... http://bit.ly/div4M6",Tue Apr 06 20:39:01 +0000 2010,1,0,Tweet,0
I hold the blood of Jesus against every delayed and denied promotion. I hold the blood of Jesus against evil... http://bit.ly/b086ap,Tue Apr 06 14:25:02 +0000 2010,1,0,Tweet,0
Use the Blood of Jesus as a weapon I enter the Holy of Holies by the blood of Jesus. I hold the blood of Jesus... http://bit.ly/aU5jlM,Tue Apr 06 14:23:23 +0000 2010,1,0,Tweet,0
"I'm a prayer addict, a worshipper and a warrior. Love to teach believers how to smack the devil. Training people... http://bit.ly/9vgGxh",Tue Apr 06 05:29:15 +0000 2010,1,0,Tweet,0
"The thief comes to steal, kill and destroy. Jesus came to give life and life more abundantly. Praise God he died... http://bit.ly/c8v87H",Sun Apr 04 09:44:30 +0000 2010,1,0,Tweet,0
Occupying force rule number 4. Sin is a choice. Jesus had the ability to sin but he chose to obey the father that... http://bit.ly/9JQD78,Thu Apr 01 14:34:40 +0000 2010,1,0,Tweet,0
Occupying force rule no 3. To enjoy the awesome of his presence and anointing you have to die everyday to the... http://bit.ly/cY7mWP,Thu Apr 01 11:30:09 +0000 2010,1,0,Tweet,0
Occupying force rule no 3. To enjoy the awesome of his presence and anointing you have to die everyday to the... http://bit.ly/dmWAZx,Thu Apr 01 11:26:11 +0000 2010,1,0,Tweet,0
Ocupying force rule 2. We have to love our nieghnor as ourselves. If you love your neighbor as yourself you will... http://bit.ly/chVBU9,Wed Mar 31 04:13:01 +0000 2010,1,0,Tweet,0
Ocupying force rule 2. We have to love our nieghnor as ourselves. If you love your neighbor as yourself you will... http://bit.ly/9iRyLw,Wed Mar 31 04:11:52 +0000 2010,1,0,Tweet,0
http://www.youtube.com/watch?v=_IreViCTAUk http://bit.ly/90Xl5M,Wed Mar 31 02:14:06 +0000 2010,2,0,Tweet,0
"Occupying force rule 1. Love the Lord your God with all your heart all your soul, all your might. Love the things... http://bit.ly/cRhd1B",Tue Mar 30 00:25:05 +0000 2010,1,0,Tweet,0
"There are multitudes like me, yet we continue to live short of the victory that your word promises”.  The Lord... http://bit.ly/at7VjN",Mon Mar 29 17:46:22 +0000 2010,1,0,Tweet,0
What must we do to properly occupy the land while we wait for your return? What can I do to live my life... http://bit.ly/aVgaXB,Mon Mar 29 17:44:47 +0000 2010,1,0,Tweet,0
"“If you gave us all power and commissioned us to go to the world and preach your gospel, acting essentially like... http://bit.ly/btn6KM",Mon Mar 29 17:43:55 +0000 2010,1,0,Tweet,0
"Why are we, as children of the Most High God, still plagued by the same things Jesus redeemed us from so long ago?... http://bit.ly/9qIE5a",Mon Mar 29 17:43:10 +0000 2010,1,0,Tweet,0
"So I asked the Lord; I said “Jesus, your word says we have the devil under our feet. Why then are most believers... http://bit.ly/c478JM",Mon Mar 29 17:42:24 +0000 2010,1,0,Tweet,0
For some time now I have been praying and crying to the Lord to give me the wisdom to get this message across in a... http://bit.ly/coN0Uk,Mon Mar 29 17:40:50 +0000 2010,1,0,Tweet,0
Why are they tithing and still live in poverty or lack? Why were their children raised up in church and yet they... http://bit.ly/bfAygZ,Mon Mar 29 17:38:44 +0000 2010,1,0,Tweet,0
"Behold, I give unto you power to tread on serpents and scorpions, and over all the power of the enemy: and nothing... http://bit.ly/aObyHQ",Mon Mar 29 17:38:18 +0000 2010,1,0,Tweet,0
The favor of the Lord is coming at you this week. Scream ' Jeeeesus I receive your favor this week. And recieve... http://bit.ly/aEtuez,Mon Mar 29 01:21:27 +0000 2010,1,0,Tweet,0
Witchcraft is not cute http://bit.ly/ccK7MW,Sun Mar 28 08:56:13 +0000 2010,1,1,Tweet,0
A conversation with A thief by Jack Moore http://bit.ly/cDuNPX,Sun Mar 28 08:13:27 +0000 2010,1,0,Tweet,0
"People can't here from God because there is too much worldliness in the church. Thier ears are clog, eyes veiled... http://bit.ly/bztYg8",Fri Mar 26 13:35:16 +0000 2010,1,0,Tweet,0
Jesus we need divine Intervention. Too much iniquity. We need a revival of true repentance. Revival of great deliverance,Fri Mar 26 13:31:44 +0000 2010,1,0,Tweet,0
Too much churchianity too little Christanity. We don't want deep truths. Territorial oppressions making it hard for poeple to pray.,Fri Mar 26 13:27:53 +0000 2010,1,0,Tweet,0
"People can't here from God because there is too much worldliness in the church. Thier ears are clog, eyes veiled and hearts lukewarm.",Fri Mar 26 13:26:40 +0000 2010,1,0,Tweet,0
@apostlejonas 1,Fri Mar 26 13:03:33 +0000 2010,0,0,Reply,0
@Paula_White Amen,Fri Mar 26 13:01:33 +0000 2010,0,0,Reply,0
The enemy you don't defeat only leaves for a season. Pray till until something happens. Operation PUSH,Fri Mar 26 13:00:25 +0000 2010,1,0,Tweet,0
"How about fornication, adultery and other open sins becoming acceptable in the church? Are these people saved? Are... http://bit.ly/bx6R0t",Wed Mar 24 06:05:37 +0000 2010,1,0,Tweet,0
Will they be left behind?  Somebody answer me. 1 John 3:9. and Heb 10:26.  www.firepowerministry.org,Wed Mar 24 05:58:12 +0000 2010,1,0,Tweet,0
"How about fornication, adultery and other open sins becoming acceptable in the church? Are these people saved? Are they going to heaven?",Wed Mar 24 05:58:00 +0000 2010,1,1,Tweet,0
"The thief comes to steal, kill and destroy. Jesus came to give life and life more abundantly. Life is salvation.... http://bit.ly/9msv3a",Tue Mar 23 08:17:24 +0000 2010,1,0,Tweet,0
The thief comes to steal kill and destroy. Jesus came to give life and life more abundantly. Life=salvation  More abundantly= deliverance.,Tue Mar 23 08:01:15 +0000 2010,1,0,Tweet,0
Go to church tommorrow and praise God like you just don't care.,Sun Mar 21 01:33:09 +0000 2010,3,0,Tweet,0
watch our you Tube channel. http://www.youtube.com/user/firpowerministries#p/u/0/PLGj2zHcIb0 http://bit.ly/bOKtJA,Sat Mar 20 20:31:49 +0000 2010,3,0,Tweet,0
"Praise God, Its time for the equipping of the saints and trainings warriors for the end times. The bible says ""from... http://bit.ly/cgyUr5",Sat Mar 20 20:23:20 +0000 2010,2,0,Tweet,0
"Jesus is a chain breaker. If you feel presure of the devil. Scream 'Jesus, Chain breaker - Break my chains. Be free in Jesus name.",Thu Mar 18 23:29:17 +0000 2010,2,0,Tweet,0
The battle is toughest at the edge of your breakthrough. You maybe really close. Don't give up in Jesus name.,Thu Mar 18 05:44:09 +0000 2010,2,1,Tweet,0
Its not over until Jehovah says so. You maybe going through the pit now but keep pressing on.,Thu Mar 18 05:43:49 +0000 2010,2,0,Tweet,0
Tyrone died and went to hell. A much watch. Where will you spend eternity? http://www.youtube.com/watch?v=CB6_QMHf0Uk.,Thu Mar 18 02:13:12 +0000 2010,4,1,Tweet,0
"To stop the devil plans needs a greater power. You can only access the power of God by prayer, fasting and the word. It takes sacrifice.",Wed Mar 17 18:15:03 +0000 2010,2,0,Tweet,0
It doesn't end there. Now get up child of God and enforce the verdict. Demand you stuff back. www.firepowerministry.org,Mon Mar 15 21:00:26 +0000 2010,3,0,Tweet,0
It is finished on the cross meant you won the case. Based on a technicality. You messed up but Jesus paid the fine.,Mon Mar 15 20:59:49 +0000 2010,2,0,Tweet,0
The favor of the Lord is coming at you this week. Scream ' Jeeeesus I receive  your favor this week. www.firepowerministry.org,Sun Mar 14 13:33:02 +0000 2010,3,0,Tweet,0
Go to church today. Listen to the word of God and let it change you. Praise God today like you just don't care. You know Jesus has you back.,Sun Mar 14 13:15:00 +0000 2010,4,0,Tweet,0
We have the same Christ's nature as believers. Chose live saints. Don't let sin have dominion over you.,Sun Mar 14 00:55:55 +0000 2010,4,0,Tweet,0
Sin is a choice. Jesus had the ability to sin but he chose to obey the father that is why he was exalted. Phil 2:6-11.,Sun Mar 14 00:55:39 +0000 2010,3,0,Tweet,0
"When things get hard pray, when they get harder pray harder. Don't give up, don't faint. Men ought always to pray, and not to faint: Lk 18:1",Sat Mar 13 17:09:17 +0000 2010,4,0,Tweet,0
Jesus shouldn't love any of us. But he does because he is Love. Its called Grace or Unmerited Favor. www.firepowerministry.org.,Sat Mar 13 16:59:58 +0000 2010,4,0,Tweet,0
Pray - Topix: http://bit.ly/96VkGM via @addthis,Sat Mar 13 16:47:28 +0000 2010,2,0,Tweet,0
What will Jesus say if he walked in on you right now,Sat Mar 13 01:39:35 +0000 2010,2,0,Tweet,0
The enemy you don't defeat only leaves for a season. Pray till until something happens. Operation PUSH,Fri Mar 12 19:58:09 +0000 2010,4,0,Tweet,0
"When it hurts real bad. I hold myself, rock and say 'Holy Spirit help me over and over until I feel him almost saying shshsh I got you babv.",Fri Mar 12 09:32:54 +0000 2010,3,0,Tweet,0
Tune in 10 minutes . 4pm central time. On the radio. www.kaytfm.com. Listem to 'Saved but sick.,Thu Mar 11 21:52:12 +0000 2010,2,0,Tweet,0
Today is great. Its great to be saved and know Jesus has you back,Thu Mar 11 21:50:07 +0000 2010,4,0,Tweet,0
We have warfare night on Friday from 10pm. Send in your prayer request on our website www.firepowerministry.org.,Wed Mar 10 16:12:55 +0000 2010,2,0,Tweet,0
"After a short teaching the Lord delivered her she throw up tons and the spirit spoke, told us how it got there before leaving. Praise God.",Wed Mar 10 16:11:18 +0000 2010,3,0,Tweet,0
Mondays prayer service was wild. lady came in needing deliverance.,Wed Mar 10 16:08:43 +0000 2010,2,0,Tweet,0
Check this video out -- PUMP THE JUNK OUT OF YOUR LIFE 6 of 6: Prophetess Dr. Stella Gwandiku http://youtu.be/qFqCIQpdSPg,Wed Mar 10 15:41:29 +0000 2010,5,0,Tweet,0
Check this video out -- PUMP THE JUNK OUT OF YOUR LIFE 5 of 6: Prophetess Dr. Stella Gwandiku http://youtu.be/0OBzweqwZu0,Wed Mar 10 15:39:40 +0000 2010,3,0,Tweet,0
Check this video out -- PUMP THE JUNK OUT OF YOUR LIFE 4 of 6: Prophetess Dr. Stella Gwandiku http://youtu.be/_IreViCTAUk,Wed Mar 10 15:34:21 +0000 2010,3,0,Tweet,0
Check this video out -- I want my Inheritance by: Prophetess Dr. Stella Gwandiku http://youtu.be/FFFySJEOrcM,Wed Mar 10 15:30:57 +0000 2010,4,0,Tweet,0
"I believe my call as a prophetess is to teach God’s wounded army of believers violent warfare - my motto ""the violent taketh it by force""!",Tue Mar 09 20:41:14 +0000 2010,4,1,Tweet,0
Are you Tired of Getting Beat Down by the Enemy? The children of God need to get together and pray and take back our cities.,Tue Mar 09 20:39:16 +0000 2010,2,0,Tweet,0
"God is still the God of Miracles. The Healer He can restore our Families, Finances and Cities. http://www.firepowerministry.org",Tue Mar 09 20:35:17 +0000 2010,4,0,Tweet,0